,0,1,2,3,4,5,6,7,8,9,10,11,12,13,14,15,16,17,18,19,20,21,22,23,24,25,26,27,28,Mean over,idx_corrected,idx_main,outputwImg,predictionwImg,gold_referencewImg,tagwImg,outputwoImg,predictionwoImg,gold_referencewoImg,tagwoImg
0,59.601395,78.65062,83.54958,88.32766,96.21998,99.61442,100.886246,106.62157,113.53595,116.62944,106.36224,102.183716,107.50081,106.9278,106.60332,107.32994,108.30727,113.7927,114.93235,109.97117,112.916954,116.0277,122.35693,128.13226,137.56946,152.23123,178.81491,191.95854,206.96013,All tokens,40,156, A,10000,1,relative_position, 0,0,1,relative_position
1,91.28631,107.014114,110.99706,114.8934,121.53582,124.280045,125.06709,126.6003,132.83069,136.0251,122.35962,114.90254,120.30836,120.79087,119.74833,119.514565,120.87857,126.44796,127.95807,121.46328,123.102974,124.5245,130.11345,135.10724,145.24724,160.06053,186.57088,200.7037,211.65106,All tokens,7,39, 1,1,2,direct_attributes, C,10000,2,direct_attributes
2,94.80102,108.0255,111.49335,115.11034,122.122444,124.568565,125.75522,126.26848,134.22224,137.08241,124.01962,119.98427,126.77289,128.17107,130.07071,129.3559,130.54636,136.38438,138.06195,131.5003,133.86885,136.69997,144.25609,149.76866,160.82588,174.89795,199.8107,211.62512,224.7834,All tokens,1,13, 1,1,1,direct_attributes, A,10000,1,direct_attributes
3,56.776234,74.26202,78.62414,82.57133,89.92421,92.65138,93.59872,99.888626,105.502815,107.57243,98.60845,96.13334,101.04074,102.274254,102.82053,103.75665,105.29173,110.98357,113.22574,108.31347,110.74351,113.50341,119.50772,123.52699,132.2403,145.7385,170.14874,183.8169,199.7463,All tokens,17,112, A,10000,0,relative_position, 0,0,0,relative_position
4,57.601345,75.83991,79.823845,83.494545,90.4404,93.62103,96.10553,102.750885,110.86968,114.298225,104.10138,100.785904,106.85202,106.87046,108.973305,109.97184,111.058945,117.202095,120.073044,116.41131,118.49592,121.852356,128.30733,132.15067,139.67924,151.58185,173.84102,183.61224,201.07117,All tokens,15,109, 1,1,1,relative_position, 0,0,1,relative_position
5,72.888504,93.93867,99.568825,105.72228,113.91789,118.467896,120.46858,125.935715,134.28787,139.95914,125.99481,118.084946,123.730316,124.46014,123.399994,123.420425,123.727646,129.52728,130.6566,124.6917,127.07914,129.46364,134.41652,140.607,152.03725,166.59517,193.31744,209.38873,229.7638,All tokens,14,107, A,10000,0,relative_position, 0,0,0,relative_position
6,45.324192,63.320404,67.87703,72.22103,79.22724,81.94594,82.59298,89.57653,97.180405,99.27727,91.15382,88.88953,94.7862,95.12433,96.37615,97.80879,99.45177,105.14133,107.463745,103.75433,105.84077,109.38944,115.95321,119.913635,128.20676,139.41501,161.95529,175.39053,184.94878,All tokens,8,63, 0,0,0,direct_attributes, A,10000,0,direct_attributes
7,61.240814,79.18698,84.00379,88.937515,96.84515,100.218636,101.69603,108.74677,115.718285,119.15698,106.265,102.80509,106.71943,108.08925,107.94553,107.98388,108.430984,113.537094,115.999054,110.57513,112.88385,115.59878,120.417465,125.59568,132.43477,144.50034,168.39136,180.25493,190.16196,All tokens,6,38, 1,1,1,direct_attributes, B,10000,1,direct_attributes
8,74.7214,95.46896,100.09427,104.76943,112.28253,115.383514,116.80374,120.995346,124.134636,127.22241,114.22603,108.476845,112.77538,114.82231,115.95967,116.16045,117.49295,123.949394,126.67373,121.27831,123.40424,126.35912,130.75893,136.90474,148.4489,163.20927,188.01617,200.24696,220.0676,All tokens,34,148, A,10000,1,relative_position, 0,0,1,relative_position
9,56.737663,74.294914,79.13632,83.0716,90.02164,92.86439,94.16245,100.96816,107.33449,110.434326,102.02295,98.59166,104.5651,105.298164,105.20748,106.120895,107.67333,114.047295,116.13636,110.84293,113.23211,116.45217,121.551926,127.0409,136.42758,149.37268,175.48924,189.24734,202.4533,All tokens,5,36, 1,1,1,direct_attributes, 0,0,1,direct_attributes
10,56.75439,77.572395,82.03454,86.08898,93.27018,95.938034,98.09323,105.60942,113.16933,118.22716,110.06512,103.36462,108.91487,110.09426,112.007996,113.01688,114.27414,120.480995,122.959885,118.43735,121.591125,124.60146,131.89896,137.9083,148.81808,163.05981,189.73752,204.42447,219.77176,All tokens,27,134, 1,1,1,relative_position, 0,0,1,relative_position
11,63.54217,83.51557,88.22222,92.473595,99.50931,102.14193,103.98191,109.01052,115.480934,118.6368,106.9478,100.0959,104.49168,105.014854,105.88106,105.78734,107.3177,112.6956,114.90024,110.78429,113.93913,116.68195,123.044525,128.55351,139.2085,153.00365,181.67924,198.92715,219.81967,All tokens,2,29, A,10000,2,direct_attributes, 1,1,2,direct_attributes
12,59.662556,79.011024,84.355774,88.74054,96.37849,99.44911,100.18973,105.228294,108.403015,110.955086,100.12959,95.80281,100.760376,102.18932,102.75417,103.34545,104.34156,110.551186,113.10718,108.99067,112.54878,114.727135,119.326416,124.511314,134.33385,148.86911,175.80046,188.29913,208.92088,All tokens,44,162, 1,1,0,relative_position, 0,0,0,relative_position
13,54.251823,70.07396,74.00686,77.55445,83.8432,86.86283,88.1338,93.38718,97.235886,99.053604,90.516075,88.86096,92.5489,92.875595,95.08106,97.080734,99.13359,104.58171,106.73973,103.879776,106.610985,109.18749,113.47139,118.234764,126.81129,139.52269,161.91644,172.16284,184.9054,All tokens,37,153, A,10000,1,relative_position, 0,0,1,relative_position
14,39.513077,55.17421,58.95754,62.256786,68.95672,71.80252,73.02119,79.396706,86.40981,87.92753,81.54064,81.46354,86.77424,88.09578,90.46192,91.89968,93.966255,99.42597,102.15333,99.78589,101.90651,104.87779,111.43069,114.25687,120.525696,131.855,155.8853,165.05629,174.05981,All tokens,13,102, A,10000,0,relative_position, 0,0,0,relative_position
15,67.892365,89.95311,95.80195,102.63695,110.92339,114.93805,117.23536,124.15944,132.81213,137.67918,125.02195,118.26763,122.01255,122.26181,122.90689,122.93626,124.27826,130.05565,132.56796,126.6108,128.35333,130.74715,135.94464,143.7764,153.20801,164.58008,187.12202,200.29749,215.39966,All tokens,41,157, A,10000,1,relative_position, 0,0,1,relative_position
16,85.30327,104.921616,109.372696,114.07303,121.536514,125.39186,127.15569,132.98717,140.44824,145.66367,131.11087,124.48982,128.49896,129.17757,129.28781,128.68867,130.35223,135.35458,137.38074,130.76741,132.55829,134.57806,140.08499,148.34756,159.69604,173.98729,201.16928,215.37892,228.17413,All tokens,16,111, 1,1,1,relative_position, A,10000,1,relative_position
17,60.20945,78.709595,83.61862,89.72697,97.1425,101.006676,102.53431,109.9048,118.96877,123.17666,110.97773,107.192505,112.788284,114.09261,115.19138,116.0499,118.57482,124.605225,126.274445,121.02378,123.26338,125.688675,130.41638,135.81944,142.96867,154.1897,177.40399,188.99657,202.90628,All tokens,19,116, 1,1,1,relative_position, 0,0,1,relative_position
18,61.363846,74.52697,77.82329,81.33596,87.62421,89.80148,90.13735,93.74598,98.52178,99.569824,89.59255,87.93554,92.40831,93.8301,95.519875,96.628586,99.29928,104.770226,107.15484,102.21433,103.500694,105.33839,109.3704,111.888794,119.26549,129.39426,150.5247,159.61108,172.44385,All tokens,0,10, 1,1,1,direct_attributes, A,10000,1,direct_attributes
19,44.535767,61.032635,65.3292,68.89769,75.65033,78.72337,79.44022,86.20593,93.24084,96.49639,88.11039,86.19721,92.0807,93.789986,94.08454,94.62483,96.164246,101.75328,103.3188,100.11665,102.58571,105.38622,110.29493,114.16069,122.428246,134.87717,160.12854,174.56369,192.87688,All tokens,43,160, 1,1,0,relative_position, 0,0,0,relative_position
20,51.958244,67.05643,70.68188,73.97529,80.654015,82.869514,83.17462,87.61727,90.88291,92.126465,84.89602,83.192276,87.973915,89.02276,90.35187,91.851265,94.03148,98.87564,101.64711,98.22073,99.96639,102.30088,108.79543,113.527664,121.22935,131.09706,152.98221,159.1267,171.40123,All tokens,39,155, 1,1,1,relative_position, 0,0,1,relative_position
21,61.253544,75.86968,81.006226,85.5398,92.68497,95.93067,96.77213,102.444824,107.63586,111.69449,98.25333,91.479744,95.18685,94.630615,94.580185,93.91784,94.08799,98.240166,98.481766,94.5099,97.05115,98.5722,101.75094,104.07736,112.52357,126.37166,152.1065,169.51901,180.8043,All tokens,22,124, A,10000,0,relative_position, 0,0,0,relative_position
22,55.009003,74.35243,78.642296,82.69595,89.71734,92.18241,93.037025,97.309364,100.13318,102.584145,93.221634,91.042915,97.05222,98.5928,101.57981,102.724236,105.77408,112.98885,115.53739,111.5311,114.08108,116.17297,120.59514,124.83918,129.8038,140.50424,162.67168,172.81287,190.2768,All tokens,20,121," The dog is not visible in this image. The scene shows a canal with boats and buildings along its banks, but there are no dogs present. Therefore, the answer is:

N/A",10000,1,relative_position, 0,0,1,relative_position
23,60.21387,78.532166,83.04143,87.62701,95.019066,98.89795,100.34608,106.37796,112.663475,117.80476,105.39813,100.35133,104.902855,104.19364,105.42572,105.03964,105.12503,109.83014,110.14025,106.22852,109.00906,111.26668,116.49477,121.01455,131.8342,145.5029,172.03853,186.26393,200.09071,All tokens,25,132, A,10000,1,relative_position, 0,0,1,relative_position
24,49.843662,65.17425,68.91606,73.274475,80.24934,83.91271,85.99838,93.81176,102.66406,107.734505,96.08165,92.57931,97.51471,97.023575,96.00183,96.50891,97.335014,102.55896,104.00369,99.79398,102.035904,104.78387,108.77468,112.08766,120.92266,132.08424,158.87756,174.35713,188.53148,All tokens,36,151, A,10000,0,relative_position, 0,0,0,relative_position
25,39.56834,56.23861,60.51547,63.89651,70.473526,73.03521,73.322075,79.15146,84.75878,86.93783,79.63714,79.06816,84.791,87.563095,89.23573,90.39401,93.0018,98.78215,102.51648,98.936295,101.59391,105.36969,108.73102,113.52182,119.56067,130.0802,152.27435,158.2322,175.11852,All tokens,32,146, 0,0,1,relative_position, B,10000,1,relative_position
26,48.236584,62.86906,66.29053,69.761444,75.67815,78.36932,78.97092,88.391365,97.30244,105.8962,96.5559,94.63924,98.98287,99.61613,99.14031,101.14028,101.68885,109.02851,111.55242,106.45021,107.59389,109.22416,112.461174,115.82633,123.93644,134.02322,154.56882,162.92126,173.53929,All tokens,45,163, 0,0,1,relative_position, B,10000,1,relative_position
27,47.296474,65.04671,69.47293,72.89305,79.69814,82.57361,83.90495,90.68624,97.70237,98.7651,92.56302,91.13056,96.89121,97.65868,98.781586,100.24244,102.13764,108.11398,111.47559,108.029884,110.86371,113.96733,119.425064,124.20457,132.20714,144.14413,168.2826,176.37025,188.01877,All tokens,31,144, A,10000,0,relative_position, 0,0,0,relative_position
28,62.95858,81.02605,85.587006,90.49946,98.30291,101.537636,102.319855,108.362656,115.21143,117.95905,107.04933,101.73226,106.57404,106.563156,107.13818,107.78311,108.55322,114.261116,115.68194,110.180855,112.418175,115.21419,121.34871,126.54158,136.34322,151.95348,179.6219,196.79361,214.02608,All tokens,18,113, 1,1,1,relative_position, 0,0,1,relative_position
29,53.075714,71.95552,76.1027,79.93042,87.10024,89.6404,90.69407,96.14839,100.5703,101.829475,94.94293,91.82526,98.883896,99.86196,102.64418,104.101776,106.40068,113.61378,116.68452,113.39469,115.92463,119.10795,123.937515,128.03633,136.15968,148.76997,172.91689,186.3678,200.41032,All tokens,46,165, A,10000,1,relative_position, 0,0,1,relative_position
30,49.655464,65.59596,69.318375,73.15575,79.973236,82.39194,83.24993,89.17299,95.040504,97.87,88.49971,85.52303,90.00743,92.32031,94.07866,95.43896,96.91232,102.50386,104.8296,101.25537,104.18486,106.92852,111.17827,113.96494,121.933624,133.43388,157.16135,169.32301,185.51741,All tokens,28,140, B,10000,0,relative_position, 0,0,0,relative_position
31,57.675663,76.23312,80.2741,84.535614,91.66711,95.03796,96.32997,103.69553,109.21901,113.99526,101.61914,98.37513,102.21345,104.46756,105.03318,104.623146,105.390686,111.30451,114.197495,109.71473,111.88015,114.70334,118.928665,125.614075,133.46355,145.34772,169.7888,179.47336,196.7466,All tokens,33,147, 1,1,1,relative_position, 0,0,1,relative_position
32,49.168526,63.535297,67.68727,70.974014,77.280945,79.77267,80.541115,85.97805,92.03027,94.64623,83.52107,78.978065,82.22274,81.7625,82.29966,82.47637,83.16011,88.088425,89.54284,86.55443,89.581314,91.8326,95.59701,97.59671,105.60711,117.641174,142.19354,156.47176,172.69087,All tokens,11,74, 1,1,1,direct_attributes, 0,0,1,direct_attributes
33,60.211,78.61362,82.84692,86.9484,94.17237,97.19588,98.94724,104.904205,111.539925,114.56221,107.60291,102.817696,107.93282,108.17859,109.43608,110.39853,111.82372,117.426254,119.37644,115.651215,118.7278,121.504814,128.47041,133.9186,144.99493,157.017,180.8195,191.79175,209.7616,All tokens,26,133, 1,1,1,relative_position, 0,0,1,relative_position
34,58.86282,75.063225,80.1201,84.24017,90.25563,93.42263,94.61604,101.027016,107.90276,110.75628,100.003624,95.53585,99.9194,100.166176,100.07972,100.18524,101.26716,105.89378,107.23555,102.76005,105.09907,107.2376,111.905914,115.009056,123.49219,137.32173,163.84445,178.4426,195.10252,All tokens,42,158, A,10000,0,relative_position, 0,0,0,relative_position
35,60.67034,78.50243,83.11758,86.85873,94.00893,96.74099,98.4881,103.93224,111.339645,113.90887,103.611,98.48584,102.80558,102.31708,103.630775,104.93222,106.4431,112.97501,115.65745,111.27086,114.48722,116.79968,121.166466,125.58448,135.91467,146.70605,172.17213,184.92894,200.74966,All tokens,4,32, 2,2,0,direct_attributes, A,10000,0,direct_attributes
36,59.611282,79.41367,83.83576,88.167206,95.71998,98.80839,100.37192,106.4288,111.6225,113.295296,104.426186,99.2775,104.87735,106.09336,106.69272,106.59488,107.35128,113.72038,115.73429,111.04814,113.9211,116.71128,121.95136,127.062416,137.99382,153.2468,181.04967,192.88452,211.59898,All tokens,35,149, B,10000,1,relative_position, 0,0,1,relative_position
37,73.61657,85.660904,89.90384,92.95743,99.67314,102.046455,102.69285,104.86949,111.01585,113.72934,102.473656,99.66559,104.8981,107.43536,107.587425,105.9848,107.002945,111.53605,114.16047,108.11697,109.422356,111.06895,115.577065,118.412384,126.15021,136.8492,159.75597,168.59464,180.22649,All tokens,3,31, 2,2,2,direct_attributes, C,10000,2,direct_attributes
38,77.70989,97.89221,102.367035,106.87659,114.36833,117.89518,120.46933,126.14307,132.40907,138.51152,123.50008,119.570595,125.13436,124.7858,125.51852,126.01158,127.42853,133.876,137.16965,131.89172,134.20203,135.69943,141.19621,147.08163,153.34943,165.61848,189.58533,201.06665,218.38583,All tokens,12,101, B,10000,0,relative_position, 0,0,0,relative_position
39,60.10174,77.03932,81.65461,85.776825,92.38959,95.31544,96.646,102.454254,108.60515,111.240364,101.32734,97.33089,101.080444,102.77206,104.55777,103.83195,105.077965,111.639275,115.09595,110.31344,112.49427,115.02656,119.85115,124.296936,133.14554,144.93724,167.71552,175.29639,187.82689,All tokens,38,154, 1,1,1,relative_position, 0,0,1,relative_position
40,64.190254,86.382744,91.91804,97.85483,106.46564,109.97704,111.46545,118.8756,125.881386,128.43022,117.013916,113.2544,119.2112,119.573616,121.68671,122.11265,123.77539,129.74203,132.23347,126.524025,129.2181,132.58162,139.15459,146.1514,154.46101,169.29477,193.0702,212.24179,225.48657,All tokens,30,143, B,10000,0,relative_position, 0,0,0,relative_position
41,82.88821,99.58772,102.80132,106.003716,112.80738,115.35704,117.33831,122.50078,126.97435,130.09392,119.71859,117.84127,123.95749,126.49151,128.68782,127.30888,128.7789,135.66307,140.24948,136.32906,139.26625,142.0969,147.38641,152.23074,159.69513,170.60255,193.61406,204.67912,219.38374,All tokens,9,68, 1,1,1,direct_attributes, C,10000,1,direct_attributes
42,52.630783,71.22938,75.769,79.98662,87.02642,90.06358,91.37041,98.09553,105.75113,110.08833,100.14497,97.09767,102.5817,103.78164,104.02665,104.849785,106.54848,113.27607,116.28143,111.748825,114.465935,116.475716,121.40231,125.23901,133.9969,148.18758,172.3825,185.79169,205.64519,All tokens,21,122, 1,1,0,relative_position, 0,0,0,relative_position
43,78.86081,91.0543,94.32535,97.167755,104.57442,106.87307,108.65451,111.561844,118.818985,121.34508,109.77422,107.51454,113.9337,115.146835,115.86848,114.68852,115.20115,121.259476,122.83576,116.4374,117.617294,120.47231,126.95152,131.75954,138.81189,148.24045,172.96257,180.69409,188.40556,All tokens,10,71, 2,2,3,direct_attributes, C,10000,3,direct_attributes
44,78.69635,101.755066,107.62554,114.60668,123.443085,127.37464,128.47855,133.72523,141.07756,144.53418,127.55838,119.64508,124.054405,122.91761,121.69767,121.5779,122.10561,127.71832,129.13814,122.67134,125.07669,127.93465,134.43753,141.50261,153.58945,167.99821,195.91107,217.52104,234.4753,All tokens,24,130, 1,1,0,relative_position, 0,0,0,relative_position
45,60.785816,70.89922,73.556984,75.57458,81.81456,83.668785,85.03632,87.70504,95.38264,96.09136,93.678505,92.55746,99.34224,101.07568,103.13495,102.957855,104.86314,110.19279,113.33226,109.04504,111.922195,114.65899,122.01789,124.74023,135.1972,148.37254,169.87975,177.05261,191.1469,All tokens,23,125, 1,1,0,relative_position, 0,0,0,relative_position
46,62.16575,83.379486,88.4275,93.36447,100.91073,104.002144,105.24224,111.151436,119.113976,121.60568,111.840996,107.00544,112.01162,111.80351,111.82644,113.121315,114.27005,119.948,121.85498,116.60876,119.01264,121.31759,126.87158,130.62943,140.04231,154.20918,179.9395,196.73167,209.49599,All tokens,29,141, 1,1,1,relative_position, 0,0,1,relative_position
0,65.293816,76.391594,78.89274,81.40848,86.83844,88.798485,89.46239,94.66586,100.49877,103.614914,94.422195,89.961006,94.54046,94.14889,93.87893,94.68248,95.828224,101.17288,102.39556,98.25484,101.274055,104.0836,110.28624,115.47571,125.04419,139.8472,166.13284,184.08812,191.10854,Img tokens,40,156, A,10000,1,relative_position, 0,0,1,relative_position
1,104.47225,107.967155,109.7232,111.18187,115.2688,116.61915,116.25897,117.30581,122.97788,125.99518,112.84424,104.53204,108.83612,109.11504,107.96361,107.63642,109.17115,114.88951,116.477875,110.66047,112.63608,113.818085,119.58428,124.16364,134.15596,148.40877,174.38513,194.33032,197.65686,Img tokens,7,39, 1,1,2,direct_attributes, C,10000,2,direct_attributes
2,108.88283,107.94163,109.412605,110.34106,114.25337,115.20889,115.44543,115.53678,122.85803,125.718216,113.51366,108.448616,113.99598,115.23494,116.76621,115.99944,117.34655,123.42819,125.276115,119.51719,122.14225,124.539764,132.10039,136.96436,147.553,161.40936,186.13307,203.90138,210.16377,Img tokens,1,13, 1,1,1,direct_attributes, A,10000,1,direct_attributes
3,61.71224,71.32312,73.60147,75.37872,80.30622,81.67942,82.20475,87.8701,92.472534,94.743996,86.80714,83.968834,88.2006,89.56594,90.18555,91.12388,92.81494,98.53935,100.90713,96.81261,99.36734,101.93533,107.87067,111.53052,120.17374,133.56834,157.7405,176.13232,183.80418,Img tokens,17,112, A,10000,0,relative_position, 0,0,0,relative_position
4,63.166157,73.55358,75.35885,76.83282,81.34259,83.071846,84.8068,90.77996,97.7886,101.40525,92.26341,88.633965,93.91721,94.18181,96.21075,97.239685,98.445984,104.533195,107.43608,104.49253,106.731186,109.785736,116.10132,119.60743,127.01456,139.28557,161.40654,176.59999,185.61954,Img tokens,15,109, 1,1,1,relative_position, 0,0,1,relative_position
5,80.98897,93.99225,96.82041,100.15716,105.76569,108.405594,109.42658,114.081024,121.14152,126.88381,114.13287,105.785065,110.730034,111.70067,110.65476,110.63319,111.047615,116.87507,118.09728,112.90861,115.59112,117.79577,123.00832,128.8109,140.50075,155.24544,181.93639,205.48503,215.00777,Img tokens,14,107, A,10000,0,relative_position, 0,0,0,relative_position
6,47.698837,60.09879,62.829945,65.5519,70.61471,72.25437,72.65736,79.21043,85.95014,88.20199,81.02183,78.41437,83.544365,84.13994,85.375946,86.67536,88.421135,94.20157,96.60091,93.523094,95.70159,99.06546,105.49894,109.12519,117.27024,128.3091,150.41995,167.76637,170.84328,Img tokens,8,63, 0,0,0,direct_attributes, A,10000,0,direct_attributes
7,66.299126,77.16668,79.642944,82.58861,88.3272,90.39505,91.28366,97.76865,103.71783,107.08731,95.28785,91.451996,94.70763,96.15159,96.10575,96.21117,96.7916,101.950935,104.4324,99.732666,102.08277,104.57836,109.38527,114.21068,121.16583,133.2952,156.75577,173.06041,175.10207,Img tokens,6,38, 1,1,1,direct_attributes, B,10000,1,direct_attributes
8,82.48459,93.598404,95.480835,97.40657,102.28981,103.87462,104.703705,108.54748,110.907166,114.16402,102.20984,96.075966,99.68251,101.957886,103.03747,103.3349,104.78452,111.26222,114.07417,109.51732,111.85353,114.56564,119.24287,125.06894,136.82127,151.58662,176.75627,195.48387,204.40927,Img tokens,34,148, A,10000,1,relative_position, 0,0,1,relative_position
9,61.01855,71.94784,74.4353,76.585625,81.56102,83.13961,83.89659,90.179565,95.62897,98.79516,91.23261,87.47342,92.726425,93.64568,93.57329,94.42175,96.044136,102.39462,104.64296,100.09647,102.68531,105.910545,111.06826,116.33013,125.80426,138.92865,164.87773,183.07518,188.14476,Img tokens,5,36, 1,1,1,direct_attributes, 0,0,1,direct_attributes
10,61.54447,74.60373,76.79611,78.76806,83.52573,84.85935,86.26576,93.14196,99.72405,104.839294,97.71858,90.922005,95.74294,97.16599,99.02536,100.0476,101.43292,107.68412,110.27861,106.58324,109.748634,112.568054,119.84326,125.6127,136.4525,150.7443,177.30733,197.76978,204.20653,Img tokens,27,134, 1,1,1,relative_position, 0,0,1,relative_position
11,69.764565,81.30997,83.57019,85.615776,90.34011,91.69688,92.941605,97.57299,102.939545,106.3314,95.710495,88.492325,92.226906,92.84867,93.651436,93.50892,95.141525,100.55391,102.85324,99.45636,102.66024,105.101265,111.519035,116.740616,127.71644,141.90804,170.487,193.54935,204.10645,Img tokens,2,29, A,10000,2,direct_attributes, 1,1,2,direct_attributes
12,65.099365,76.03686,79.055084,81.17655,86.48734,88.16507,88.52576,93.098976,95.54716,98.144936,88.37144,83.769226,88.117744,89.57653,90.16491,90.72664,91.83187,98.02665,100.71451,97.30801,100.9855,103.1533,107.94471,112.776405,122.76796,137.40439,164.31435,181.96536,192.40465,Img tokens,44,162, 1,1,0,relative_position, 0,0,0,relative_position
13,58.550358,68.019226,69.770355,71.26179,75.60027,77.35051,78.05712,82.75007,85.67243,87.53082,79.92413,77.79272,80.93588,81.3099,83.36303,85.20611,87.270935,92.81145,95.05713,92.826355,95.66673,98.054695,102.24474,106.6297,115.09003,127.78972,150.1782,165.00458,170.13802,Img tokens,37,153, A,10000,1,relative_position, 0,0,1,relative_position
14,41.621166,51.449753,53.433094,55.094448,59.760845,61.464436,62.461067,68.36524,74.31188,76.157074,70.62844,70.20778,74.83,76.23327,78.52344,79.881805,81.98163,87.36317,90.12983,88.32539,90.44972,93.157196,99.41791,101.77496,107.844124,118.99834,142.63107,155.86516,158.15903,Img tokens,13,102, A,10000,0,relative_position, 0,0,0,relative_position
15,74.337296,88.479034,91.58764,95.45881,101.383644,103.85848,105.25509,111.596375,119.340935,124.27264,112.83923,105.876816,109.0387,109.42684,110.0931,110.19515,111.748245,117.53745,120.033325,114.87313,116.88169,119.16011,124.72632,132.06297,141.51288,153.224,175.64227,195.32166,200.77312,Img tokens,41,157, A,10000,1,relative_position, 0,0,1,relative_position
16,95.096664,104.70854,106.32999,108.354385,113.24944,115.70686,116.504654,121.8286,128.38155,133.68552,119.96574,113.05261,116.457664,117.20556,117.342285,116.76621,118.74927,123.76489,125.78447,119.9201,122.04327,124.045235,129.92548,137.71188,149.35161,163.99193,191.57504,212.51125,214.5514,Img tokens,16,111, 1,1,1,relative_position, A,10000,1,relative_position
17,64.70648,77.18056,79.59994,83.12047,88.43314,90.7887,91.52058,98.2101,106.33206,110.55989,99.597084,95.4324,100.367805,101.72984,102.871,103.70112,106.21565,112.20931,113.88226,109.36039,111.712814,114.025665,118.9496,124.07724,131.46521,142.89125,165.9043,182.54138,188.13301,Img tokens,19,116, 1,1,1,relative_position, 0,0,1,relative_position
18,65.86472,71.49572,72.86074,74.530624,78.96651,80.07816,80.07675,83.41691,87.5689,88.70165,79.476135,77.509155,81.24134,82.563255,84.086105,85.11782,87.896385,93.22314,95.655106,91.373535,92.95579,94.547806,98.35599,100.36425,107.58999,117.583984,138.5711,151.54703,156.45616,Img tokens,0,10, 1,1,1,direct_attributes, A,10000,1,direct_attributes
19,47.67255,57.933403,60.14308,61.90629,66.5207,68.317825,68.75755,74.93577,80.79853,84.0342,76.66974,74.402336,79.454735,81.16417,81.53361,81.97811,83.550064,89.091675,90.76888,88.25765,90.65391,93.20581,97.963104,101.51386,109.90936,122.61304,147.64612,166.85751,176.12082,Img tokens,43,160, 1,1,0,relative_position, 0,0,0,relative_position
20,54.997963,62.8962,64.779335,66.46099,71.23567,72.53986,72.8325,77.100555,79.71358,81.17021,74.62362,72.71101,76.80594,77.932945,79.15738,80.54446,82.7616,87.65751,90.4508,87.61033,89.42089,91.47917,97.796715,101.880516,109.27255,118.972115,140.50436,150.2869,156.46735,Img tokens,39,155, 1,1,1,relative_position, 0,0,1,relative_position
21,67.27675,75.64795,78.458755,80.62776,85.67749,87.4469,87.75064,92.66936,96.65762,100.416145,87.98779,80.7175,83.80087,83.22311,83.130775,82.44463,82.658775,86.77448,87.08109,83.79572,86.312004,87.64614,90.68572,92.72836,101.291626,115.127464,140.49585,161.99507,165.66887,Img tokens,22,124, A,10000,0,relative_position, 0,0,0,relative_position
22,58.768303,71.00435,73.121735,75.05313,79.98147,81.25536,81.84363,85.8782,87.904015,90.5677,82.289375,79.8463,85.14084,86.85214,89.74734,90.78839,93.83113,101.132416,103.75424,100.429405,103.17849,105.21344,109.700966,113.70244,118.83395,129.74277,151.72758,166.77455,175.91512,Img tokens,20,121," The dog is not visible in this image. The scene shows a canal with boats and buildings along its banks, but there are no dogs present. Therefore, the answer is:

N/A",10000,1,relative_position, 0,0,1,relative_position
23,65.42194,77.17721,79.195854,81.323784,86.36565,88.767166,89.51261,94.92347,100.13247,105.08022,93.947716,88.54648,92.52882,92.02926,93.16755,92.79905,93.071945,97.74482,98.1418,94.93048,97.79852,99.91358,105.16585,109.52362,120.35306,134.14816,160.60088,180.46048,185.45738,Img tokens,25,132, A,10000,1,relative_position, 0,0,1,relative_position
24,53.38282,63.13595,65.00432,67.13766,72.06911,74.50138,76.02682,83.19862,90.98342,95.90963,85.34403,81.45981,85.768524,85.29261,84.463936,84.991974,85.91859,91.0496,92.463326,88.88644,91.28674,93.8216,97.79634,100.91844,109.85964,120.99321,147.45824,167.62404,172.90286,Img tokens,36,151, A,10000,0,relative_position, 0,0,0,relative_position
25,41.087894,51.680573,54.01503,55.74588,60.46687,61.959393,62.28339,67.75809,72.487274,74.91698,68.56111,67.84157,72.899,75.65744,77.22374,78.225395,80.88784,86.628876,90.329254,87.446014,90.13658,93.61889,96.83085,101.082664,107.03377,117.50505,139.40665,149.6503,159.0692,Img tokens,32,146, 0,0,1,relative_position, B,10000,1,relative_position
26,51.76569,61.037987,62.55728,64.054924,68.11215,69.55932,69.457405,77.96655,85.67091,93.87862,85.41475,83.27582,87.07669,87.79937,87.51664,89.44268,90.23243,97.399185,99.91087,95.49017,97.10976,98.85741,102.11972,105.26643,113.81077,124.03027,144.49779,157.29419,158.28857,Img tokens,45,163, 0,0,1,relative_position, B,10000,1,relative_position
27,50.401505,61.484512,63.834442,65.335526,70.00513,71.63464,72.62857,78.89492,84.84252,86.268394,80.98193,79.168365,84.14892,85.15331,86.201035,87.565186,89.534386,95.545334,98.98481,96.23668,99.17318,102.108864,107.46488,111.93068,119.73069,131.51813,155.15935,167.7559,172.88258,Img tokens,31,144, A,10000,0,relative_position, 0,0,0,relative_position
28,69.060234,79.56206,81.81647,84.26705,89.71661,91.464,91.67668,96.99795,102.708374,105.40597,95.55171,89.86724,94.04627,94.20178,94.7284,95.453255,96.34448,101.94253,103.45511,98.74373,101.01708,103.46226,109.50549,114.2379,124.1006,139.7334,167.12053,189.64119,198.11656,Img tokens,18,113, 1,1,1,relative_position, 0,0,1,relative_position
29,57.076015,67.74416,69.85028,71.71551,76.509995,77.81197,78.78451,83.93969,87.53191,89.348305,83.26875,79.84493,85.96698,87.17079,89.80512,91.08225,93.445496,100.65124,103.878586,101.308975,103.896965,107.00606,111.78816,115.67239,123.79741,136.2922,160.18054,178.56662,184.90971,Img tokens,46,165, A,10000,1,relative_position, 0,0,1,relative_position
30,52.51384,62.63701,64.38804,66.255165,71.16872,72.52879,73.054306,78.46546,83.57469,86.35886,77.955986,74.637,78.46048,80.69157,82.4084,83.80898,85.39398,90.8223,93.13947,90.18938,93.17443,95.67175,99.676605,102.088356,110.02839,121.61554,145.3678,161.4829,169.74574,Img tokens,28,140, B,10000,0,relative_position, 0,0,0,relative_position
31,63.02424,74.21699,75.99145,77.997635,82.81714,84.647095,85.17422,91.79838,96.47431,101.16946,89.99524,86.43289,89.67786,91.88277,92.52422,92.264206,93.2155,99.119896,102.07015,98.30699,100.6665,103.41328,107.93551,114.3962,122.25948,134.46056,158.93607,173.90352,181.47588,Img tokens,33,147, 1,1,1,relative_position, 0,0,1,relative_position
32,52.273438,61.54978,63.802402,65.544685,70.120995,71.56189,71.92674,76.86181,81.909615,84.38692,74.21444,69.30816,71.98405,71.57738,72.1049,72.23753,73.01781,77.809265,79.32359,76.920876,79.898674,82.050064,85.66519,87.410995,95.46577,107.406425,131.60646,148.96887,157.63943,Img tokens,11,74, 1,1,1,direct_attributes, 0,0,1,direct_attributes
33,65.44172,76.53057,78.571,80.28252,85.13844,86.77026,87.97186,93.32681,98.95306,102.1502,96.01218,90.82022,95.34167,95.778244,96.94089,97.92172,99.407005,105.09661,107.18565,104.14229,107.33137,109.9243,116.955055,122.18815,133.37932,145.80336,169.79811,186.74168,194.48634,Img tokens,26,133, 1,1,1,relative_position, 0,0,1,relative_position
34,64.97035,73.980995,76.68934,78.66641,82.63833,84.3343,84.81659,90.46904,96.16911,98.90865,89.07231,84.21078,87.9578,88.17381,88.1006,88.17751,89.34469,93.95609,95.404976,91.596634,93.941444,95.828125,100.37109,103.15079,111.65524,125.4582,151.49457,170.02853,179.19835,Img tokens,42,158, A,10000,0,relative_position, 0,0,0,relative_position
35,65.876686,76.333916,78.576515,80.31591,85.20757,86.634285,87.71944,92.784225,99.239685,101.96844,92.60434,87.15674,90.83005,90.54115,91.75019,92.8519,94.49994,100.99662,103.70942,100.03849,103.33889,105.543625,110.12461,114.3962,125.05594,135.91714,161.39105,179.84679,185.40608,Img tokens,4,32, 2,2,0,direct_attributes, A,10000,0,direct_attributes
36,64.77186,76.97778,79.06944,81.083984,86.24922,87.98335,89.01758,94.57757,98.82808,100.8147,92.85895,87.381454,92.13319,93.44896,94.08628,94.1032,94.97988,101.24538,103.40752,99.49217,102.47459,105.05714,110.326904,115.21725,126.206665,141.39316,168.85933,185.50237,195.12115,Img tokens,35,149, B,10000,1,relative_position, 0,0,1,relative_position
37,81.32968,84.08258,86.388794,87.70362,92.24657,93.48404,93.28837,94.97621,100.31105,103.02711,92.522644,89.22182,93.71769,95.945595,95.984985,94.4812,95.71875,100.336555,102.983086,97.66525,99.243515,100.67633,105.12859,107.36592,114.789894,125.17979,147.82341,161.20325,165.10391,Img tokens,3,31, 2,2,2,direct_attributes, C,10000,2,direct_attributes
38,86.466606,96.78555,98.60407,100.43363,105.139275,107.15035,108.87758,113.94407,119.28034,125.308914,111.52004,107.2535,112.136734,112.02316,112.69169,113.11614,114.77436,121.3247,124.65044,120.214714,122.87185,124.37816,130.17719,135.62944,142.12183,155.06291,179.43468,198.09889,204.075,Img tokens,12,101, B,10000,0,relative_position, 0,0,0,relative_position
39,65.43448,75.378395,77.59625,79.35681,83.832245,85.390686,86.18238,91.35485,96.50486,99.353,90.19711,85.99991,89.27659,91.04513,92.81025,92.12458,93.5235,100.03038,103.45555,99.32722,101.80462,104.283714,109.46614,113.5326,122.68674,134.8804,157.1492,170.3028,173.14807,Img tokens,38,154, 1,1,1,relative_position, 0,0,1,relative_position
40,70.12758,83.97559,86.976685,90.51071,96.60615,98.65087,99.430756,106.280655,112.28751,115.224396,104.853584,100.8207,105.966,106.71022,108.73184,109.119576,110.83469,116.90963,119.50402,114.58563,117.40637,120.594444,127.21773,133.84402,142.06042,156.65355,180.32991,206.12094,210.92393,Img tokens,30,143, B,10000,0,relative_position, 0,0,0,relative_position
41,92.087074,96.93113,97.99114,99.069756,103.12496,104.20741,105.132645,109.97243,113.730965,117.296364,108.02288,105.72017,111.034744,113.61215,115.710724,114.56221,116.28366,123.324295,127.977295,124.68277,127.80503,130.36415,135.87154,140.18475,147.79176,158.87703,181.95277,199.40437,205.09738,Img tokens,9,68, 1,1,1,direct_attributes, C,10000,1,direct_attributes
42,56.531536,68.516174,70.819725,72.7866,77.66803,79.38747,80.20458,86.353836,93.07075,97.43402,88.66048,85.28049,90.08759,91.37986,91.66181,92.45962,94.255264,100.92012,103.95019,100.17109,103.005684,104.9076,109.94626,113.5926,122.46171,136.78407,160.94064,179.40541,190.01485,Img tokens,21,122, 1,1,0,relative_position, 0,0,0,relative_position
43,88.56418,89.837715,91.44289,92.39506,97.31719,98.51553,99.38051,101.92585,108.55809,111.15415,99.999054,97.0177,102.31244,103.15162,103.65687,102.429344,103.21056,109.36894,111.08569,105.469826,106.952896,109.4283,115.73043,119.98479,126.77125,135.72105,159.89369,171.94766,173.9848,Img tokens,10,71, 2,2,3,direct_attributes, C,10000,3,direct_attributes
44,87.43392,100.76279,103.82407,108.02118,114.19118,116.60019,116.99322,121.73883,128.09073,131.5419,115.80026,107.476204,111.25585,110.312546,109.19843,109.09404,109.74764,115.32707,116.80559,111.103226,113.60597,116.07226,122.54571,129.31456,141.52441,155.99594,183.85712,211.48106,218.71066,Img tokens,24,130, 1,1,0,relative_position, 0,0,0,relative_position
45,66.4136,67.60886,68.94107,69.27452,73.39865,74.20205,75.33305,77.739204,84.668785,85.81356,83.70279,81.90363,87.53096,89.091896,90.959564,90.78559,92.9514,98.423035,101.681915,98.13413,101.01246,103.391,110.46182,112.765594,122.69638,135.55592,156.89508,169.2624,176.00562,Img tokens,23,125, 1,1,0,relative_position, 0,0,0,relative_position
46,68.28431,80.95885,83.44237,85.90997,90.825165,92.48986,93.22038,98.6188,105.47937,108.21476,99.61152,94.338936,98.56938,98.542175,98.63511,99.934746,101.15663,106.81549,108.84161,104.40468,106.90217,108.9253,114.45606,117.871346,127.14709,141.331,166.70293,188.7649,193.20992,Img tokens,29,141, 1,1,1,relative_position, 0,0,1,relative_position
0,29.444433,36.703274,36.45613,36.982357,37.55084,37.051884,36.882946,37.00134,34.965492,34.461388,33.19479,31.792643,31.440632,30.843933,30.10029,29.529703,28.725464,28.303951,28.521915,27.677383,26.800722,28.229736,28.372993,29.936953,30.884457,31.670717,32.09009,31.144444,28.500332,Text tokens,40,156, A,10000,1,relative_position, 0,0,1,relative_position
1,28.38694,34.670563,34.547527,34.7493,35.39276,34.972645,34.593956,34.50601,33.138947,32.759216,31.31034,30.251446,29.90555,29.568657,28.775053,28.058636,27.390408,27.20638,27.349672,26.716541,26.08038,27.040821,27.258827,28.969639,30.254889,31.563677,31.796268,30.74714,29.168404,Text tokens,7,39, 1,1,2,direct_attributes, C,10000,2,direct_attributes
2,31.268312,36.842026,36.68877,37.47841,38.408215,37.061893,36.630836,36.94317,35.14583,34.725567,32.058075,30.959572,30.763199,30.05391,29.39109,28.801064,28.575382,28.768124,28.982697,28.392395,27.915447,28.916872,28.988258,30.513264,32.16496,33.099064,33.366554,32.9213,30.557468,Text tokens,1,13, 1,1,1,direct_attributes, A,10000,1,direct_attributes
3,28.524769,36.049095,35.846767,36.357906,36.880814,36.555363,36.312065,36.42365,34.47772,33.761696,32.475986,30.973242,30.375313,29.80422,28.996603,28.513931,27.891975,27.552574,27.865032,27.244066,26.498722,27.671013,27.83355,29.371662,30.401337,31.303814,31.721708,30.907837,28.510275,Text tokens,17,112, A,10000,0,relative_position, 0,0,0,relative_position
4,28.535812,35.526295,35.470337,35.9945,36.738758,36.311325,36.25115,36.420975,34.354588,33.718826,32.543816,31.090937,30.623144,30.08975,29.458197,28.817032,28.139149,27.796429,28.058014,27.53455,26.924726,28.070927,28.41262,30.136583,31.272995,32.253105,32.714962,31.999414,29.076698,Text tokens,15,109, 1,1,1,relative_position, 0,0,1,relative_position
5,27.720625,35.18378,34.96917,35.42053,36.0391,35.60176,35.453926,35.576035,33.318375,32.741817,31.66464,30.255653,29.777954,29.252905,28.62594,28.054543,27.40853,27.046434,27.420313,26.650728,26.08839,27.26557,27.597263,29.383158,30.587776,31.425674,31.814299,30.767279,28.516901,Text tokens,14,107, A,10000,0,relative_position, 0,0,0,relative_position
6,25.05021,30.59881,30.393847,30.711555,31.75276,31.366957,31.221556,31.236902,29.72722,29.338825,28.506237,27.519161,27.187265,26.586197,26.108263,25.544506,25.105043,24.785065,24.896912,24.187536,23.78138,24.292765,24.561077,26.08428,26.924622,27.78522,28.408476,27.675388,25.953268,Text tokens,8,63, 0,0,0,direct_attributes, A,10000,0,direct_attributes
7,25.926756,32.08033,31.870008,32.22052,33.026955,32.83264,32.635883,32.784504,31.257854,30.818071,29.799175,28.51542,28.141958,27.624186,27.163235,26.679808,26.22882,25.954699,26.213472,25.568836,25.244886,25.88132,26.099592,27.406475,28.354586,29.238111,29.710754,29.183222,26.757984,Text tokens,6,38, 1,1,1,direct_attributes, B,10000,1,direct_attributes
8,28.527212,35.990597,35.750877,36.194527,36.81672,36.379116,36.128815,36.256195,34.17391,33.60903,32.493652,31.058184,30.45503,29.905287,29.234598,28.701532,27.999107,27.620567,27.948967,27.173597,26.715567,27.952051,28.160753,29.72298,31.00356,31.83504,32.09638,30.998877,29.076792,Text tokens,34,148, A,10000,1,relative_position, 0,0,1,relative_position
9,26.004889,31.950533,31.63471,32.172215,33.13738,32.9365,32.793575,32.925438,31.486525,31.088003,30.075935,28.878687,28.455397,27.895424,27.374542,26.7933,26.468866,26.16465,26.437572,25.73544,25.183363,25.709059,25.9378,27.358948,28.24165,29.177185,29.659931,28.984074,26.847965,Text tokens,5,36, 1,1,1,direct_attributes, 0,0,1,direct_attributes
10,28.539095,35.954422,35.79521,36.230946,36.84816,36.4768,36.324135,36.5084,34.486916,33.81554,32.494118,31.004057,30.37433,29.813017,29.20043,28.567749,27.862633,27.457418,27.775015,27.050247,26.462988,27.600092,27.894638,29.479803,30.679478,31.827948,32.156837,31.284437,28.743038,Text tokens,27,134, 1,1,1,relative_position, 0,0,1,relative_position
11,27.5147,33.08701,33.149845,33.302975,34.09726,33.793274,33.452526,33.494465,32.1595,31.932089,30.649342,29.767435,29.576496,29.191896,28.480738,27.788403,27.226192,26.934408,27.092684,26.311018,25.871351,26.547464,26.550795,28.060844,29.232325,30.208721,30.05137,28.97936,27.211777,Text tokens,2,29, A,10000,2,direct_attributes, 1,1,2,direct_attributes
12,28.610243,36.6595,36.54136,37.082775,37.78038,37.325993,37.081314,37.238876,35.267616,34.583202,33.36797,31.8676,31.397732,30.742552,30.041908,29.522915,28.866756,28.506817,28.806385,27.976646,27.319313,28.393127,28.486515,29.989988,31.01403,31.607386,31.993975,30.981733,29.062977,Text tokens,44,162, 1,1,0,relative_position, 0,0,0,relative_position
13,27.756645,35.201267,35.026733,35.466007,36.079094,35.605328,35.42127,35.656567,33.674423,33.137867,32.021683,30.695852,30.281595,29.719376,29.030504,28.409857,27.813995,27.388388,27.633633,26.856945,26.110191,27.162786,27.280636,28.823698,30.070593,31.171484,31.664568,30.967783,28.44985,Text tokens,37,153, A,10000,1,relative_position, 0,0,1,relative_position
14,27.813663,35.668957,35.55566,36.04028,36.682304,36.234135,36.103283,36.208927,33.95962,33.46201,32.332195,30.861506,30.233826,29.683998,29.053923,28.461748,27.760063,27.40273,27.635815,26.904518,26.241762,27.5806,27.72769,29.471622,30.479067,31.4608,31.982168,31.104696,28.75362,Text tokens,13,102, A,10000,0,relative_position, 0,0,0,relative_position
15,28.566128,36.035942,35.648746,36.242798,36.89186,36.28259,36.082047,36.251694,34.12095,33.37545,32.163036,30.74767,30.252165,29.69962,28.959743,28.50997,27.872387,27.459322,27.782387,27.183699,26.48859,27.775097,27.935196,29.572924,30.716911,31.585766,31.842861,30.87688,28.553164,Text tokens,41,157, A,10000,1,relative_position, 0,0,1,relative_position
16,26.093712,32.08257,32.034557,32.594738,33.86718,33.773716,33.67214,34.047894,32.454105,31.85518,30.793278,29.554659,29.059444,28.274818,27.831242,27.296886,26.895063,26.547197,26.805698,26.030321,25.45913,26.498121,26.84495,28.229519,29.153751,29.7424,30.103697,29.241095,26.31981,Text tokens,16,111, 1,1,1,relative_position, A,10000,1,relative_position
17,26.882727,34.26141,34.03489,34.541138,35.267162,34.862595,34.682877,34.865047,32.77191,32.10112,30.975801,29.551407,29.064266,28.558134,27.87409,27.380102,26.817871,26.358171,26.718458,26.01116,25.369446,26.546946,26.70675,28.407385,29.408838,30.112782,30.46621,29.617552,27.485111,Text tokens,19,116, 1,1,1,relative_position, 0,0,1,relative_position
18,28.370281,34.15236,34.148235,34.552532,35.275024,34.82364,34.62666,34.598465,33.200024,32.810623,31.35636,30.338648,29.987244,29.615255,28.866888,28.137403,27.632511,27.528013,27.792261,27.266813,26.603931,27.621092,27.795752,29.174223,30.44102,31.608042,31.753887,30.620375,28.567928,Text tokens,0,10, 1,1,1,direct_attributes, A,10000,1,direct_attributes
19,28.078121,34.882668,34.21636,34.984695,36.37669,35.913906,35.947605,36.53823,34.720554,34.24966,33.027073,31.093548,30.849955,30.433771,30.018295,29.697998,29.49371,29.182007,29.635395,28.934254,28.345713,29.600254,29.902384,31.384357,32.362766,33.31619,33.870747,33.062004,30.416273,Text tokens,43,160, 1,1,0,relative_position, 0,0,0,relative_position
20,27.723064,34.992264,34.759686,35.47655,36.17851,35.694836,35.557056,35.784286,33.700527,33.14312,31.752558,30.312809,29.9087,29.356142,28.723383,28.093586,27.575151,27.152323,27.512587,26.86531,26.207754,27.248083,27.428041,29.199602,30.251173,31.053467,31.333216,30.394533,27.897844,Text tokens,39,155, 1,1,1,relative_position, 0,0,1,relative_position
21,28.541592,35.78713,35.750244,36.149677,36.717144,36.163605,35.997803,36.138412,34.072548,33.47316,32.377617,30.93448,30.460361,29.883617,29.214935,28.657988,27.992872,27.584982,27.838343,26.942122,26.035877,27.10289,27.196535,28.694883,29.863813,30.924421,31.411247,30.461563,28.110249,Text tokens,22,124, A,10000,0,relative_position, 0,0,0,relative_position
22,26.87094,34.26311,34.119053,34.638737,35.318768,34.870335,34.646645,34.901276,32.843277,32.238472,30.986792,29.607906,29.136274,28.632538,27.989304,27.451984,26.928585,26.52692,26.777983,26.004026,25.479897,26.360622,26.444466,27.879665,28.837652,29.554237,30.03976,29.16083,26.96487,Text tokens,20,121," The dog is not visible in this image. The scene shows a canal with boats and buildings along its banks, but there are no dogs present. Therefore, the answer is:

N/A",10000,1,relative_position, 0,0,1,relative_position
23,27.811998,35.347755,35.133564,35.689144,36.401882,35.870655,35.74591,36.03617,34.034348,33.5297,32.45206,31.062351,30.612944,30.070114,29.510061,29.009186,28.291946,27.933784,28.155859,27.49453,26.846113,27.934923,27.954391,29.58195,30.645142,31.456295,31.847244,31.03303,28.68867,Text tokens,25,132, A,10000,1,relative_position, 0,0,1,relative_position
24,26.85459,34.157143,33.95823,34.670425,35.364994,34.975285,34.770985,34.987732,32.956875,32.289146,31.08128,29.687386,29.248304,28.773994,28.064491,27.408648,26.838083,26.525528,26.729572,26.020897,25.276228,26.256325,26.088821,27.584711,28.588335,29.387718,29.786367,28.676497,27.015764,Text tokens,36,151, A,10000,0,relative_position, 0,0,0,relative_position
25,28.541662,36.561848,36.362724,37.25438,38.357067,37.703667,37.55401,37.945198,35.992653,35.33785,34.07029,32.52738,31.899317,31.064768,30.432154,29.693707,29.076555,28.709185,29.0519,28.586153,28.021646,29.315176,29.540049,31.233906,32.252792,32.94953,32.97859,31.7023,29.02122,Text tokens,32,146, 0,0,1,relative_position, B,10000,1,relative_position
26,27.789331,35.179626,35.008533,35.512466,36.216747,35.66659,35.541595,35.81403,33.884796,33.413643,32.17682,30.662397,30.08747,29.510265,28.910444,28.332037,27.751863,27.358295,27.774986,27.149624,26.36985,27.424673,27.59573,29.165674,30.212414,30.809189,31.182901,30.167925,28.130487,Text tokens,45,163, 0,0,1,relative_position, B,10000,1,relative_position
27,29.433401,36.70009,36.49758,37.028458,37.537807,37.213116,36.968216,37.06128,34.920837,34.387234,33.124382,31.631447,31.059849,30.517822,29.861006,29.219372,28.540188,28.150177,28.398678,27.513681,26.757662,28.004217,28.151,29.8466,30.89596,31.78432,32.12802,31.270245,28.326897,Text tokens,31,144, A,10000,0,relative_position, 0,0,0,relative_position
28,27.74692,35.097355,34.876526,35.396957,36.09714,35.685215,35.534233,35.695774,33.702335,33.08698,31.935795,30.447376,29.929405,29.320377,28.660427,28.149872,27.471392,27.041088,27.393011,26.632978,26.19057,27.38936,27.732967,29.531994,30.576124,31.477472,31.878468,30.793373,28.515158,Text tokens,18,113, 1,1,1,relative_position, 0,0,1,relative_position
29,27.772661,35.28214,34.951023,35.572327,36.293602,35.931545,35.891453,36.0474,33.86421,33.312687,32.20457,30.88573,30.421751,29.86303,29.185055,28.5669,27.876266,27.464529,27.756706,26.934824,26.01697,27.090862,27.190954,28.814575,29.905893,30.626371,30.89934,29.978817,27.533646,Text tokens,46,165, A,10000,1,relative_position, 0,0,1,relative_position
30,27.73401,35.057922,34.969532,35.51079,36.14883,35.705414,35.455143,35.667187,33.654068,33.09586,31.936138,30.533564,30.112967,29.589743,28.944473,28.39846,27.803726,27.393024,27.694847,26.90019,26.032965,27.082096,27.211687,28.771519,29.941692,30.80358,31.25762,30.292095,27.868404,Text tokens,28,140, B,10000,0,relative_position, 0,0,0,relative_position
31,28.575106,35.868443,35.69495,36.15854,36.73428,36.211143,36.0427,36.18496,34.206825,33.682,32.50195,31.021069,30.392017,29.748953,29.127676,28.6092,27.791697,27.438805,27.76835,26.958807,26.409472,27.591684,27.853241,29.433212,30.531824,31.295486,31.65366,30.498352,28.211336,Text tokens,33,147, 1,1,1,relative_position, 0,0,1,relative_position
32,25.983093,32.27674,31.9156,32.283867,33.16944,32.881645,32.733406,32.89454,31.408895,31.019547,30.008072,28.817345,28.467361,27.876068,27.32104,26.760998,26.374289,26.102865,26.29941,25.637636,25.011915,25.533352,25.793316,27.119684,28.040092,29.084188,29.64639,29.044996,27.119844,Text tokens,11,74, 1,1,1,direct_attributes, 0,0,1,direct_attributes
33,26.879898,34.22177,34.014248,34.544853,35.255642,34.864525,34.651928,34.84165,32.77367,32.153183,31.016602,29.621351,29.094017,28.543793,27.936848,27.445076,26.88496,26.424175,26.690126,25.855503,25.111765,26.182005,26.205587,27.803957,28.959951,29.930632,30.323326,29.183956,27.502638,Text tokens,26,133, 1,1,1,relative_position, 0,0,1,relative_position
34,28.600529,36.0352,35.872578,36.277527,37.014935,36.653797,36.459293,36.557156,34.4796,33.82467,32.46627,31.027754,30.551697,30.088675,29.450506,28.870441,28.19521,27.876902,28.146555,27.440128,26.592403,27.861881,28.157173,29.710836,30.95266,32.049973,32.566708,31.725777,29.302885,Text tokens,42,158, A,10000,0,relative_position, 0,0,0,relative_position
35,27.48895,32.97064,33.005913,33.172634,33.831276,33.579147,33.229942,33.290974,32.052097,31.790045,30.548477,29.615788,29.388342,29.161392,28.461145,27.802076,27.20018,26.988724,27.12434,26.42485,25.816738,26.529678,26.610611,28.209505,29.365068,30.601479,30.477365,29.3588,27.803732,Text tokens,4,32, 2,2,0,direct_attributes, A,10000,0,direct_attributes
36,27.6862,35.201008,34.99108,35.453926,36.216785,35.64824,35.42605,35.59978,33.500996,32.838047,31.68086,30.314013,29.891102,29.357117,28.623499,28.1151,27.58654,27.23604,27.587296,26.927513,26.325527,27.298412,27.4736,28.959337,30.158047,30.995579,31.32146,30.43989,28.606026,Text tokens,35,149, B,10000,1,relative_position, 0,0,1,relative_position
37,28.422548,34.59525,34.375168,34.64028,35.33558,35.017,34.62902,34.665413,33.40004,33.112255,31.62663,30.559294,30.161043,29.820309,29.098747,28.344034,27.745625,27.61419,27.777494,27.431253,26.802631,27.781118,28.016712,29.576273,30.689913,31.814367,32.115673,31.208975,29.664549,Text tokens,3,31, 2,2,2,direct_attributes, C,10000,2,direct_attributes
38,27.680727,35.12152,34.93915,35.460705,36.14533,35.769875,35.523766,35.722626,33.63465,33.010975,31.713675,30.419523,29.943571,29.392063,28.737408,28.152092,27.425451,27.039806,27.371286,26.576502,25.884325,27.036106,27.156199,28.862404,30.074852,30.876205,31.342556,30.287241,28.631609,Text tokens,12,101, B,10000,0,relative_position, 0,0,0,relative_position
39,27.739222,34.98742,34.853043,35.39156,36.010063,35.546993,35.3563,35.619156,33.46917,33.05904,31.982357,30.475338,29.945984,29.379045,28.809155,28.268787,27.439003,27.032248,27.285566,26.421436,25.833225,27.179203,27.543015,29.326887,30.58649,31.656641,32.056164,31.159735,28.915836,Text tokens,38,154, 1,1,1,relative_position, 0,0,1,relative_position
40,27.741604,35.15899,34.961945,35.372726,36.038982,35.59486,35.41047,35.584152,33.382454,32.7159,31.525242,30.251093,29.801208,29.22615,28.64632,28.19784,27.576912,27.316967,27.64444,26.860071,26.202463,27.423119,27.54024,29.122595,30.201078,31.011524,31.320124,30.21987,27.906763,Text tokens,30,143, B,10000,0,relative_position, 0,0,0,relative_position
41,28.345373,33.98901,33.799427,33.93635,34.68864,34.34997,33.861423,33.857403,32.71544,32.43837,30.980682,30.006905,29.783682,29.432055,28.671078,27.949318,27.28308,27.034182,27.248348,26.832195,26.295605,27.338839,27.543571,29.156458,30.275393,31.445541,31.60261,30.640991,28.467077,Text tokens,9,68, 1,1,1,direct_attributes, C,10000,1,direct_attributes
42,28.556404,35.638924,35.510674,36.056507,36.667553,36.27637,36.07384,36.190388,34.28037,33.707775,32.391464,30.851906,30.28519,29.812471,29.09801,28.548868,27.828835,27.48618,27.701147,26.926023,26.281057,27.581903,27.817167,29.391123,30.455954,31.46066,31.727129,30.635017,28.263302,Text tokens,21,122, 1,1,0,relative_position, 0,0,0,relative_position
43,27.501831,32.908863,32.860073,33.152634,34.031742,33.698494,33.388916,33.38724,32.193195,31.8847,30.505194,29.561234,29.301266,28.93709,28.206787,27.567528,27.086832,26.920092,27.159563,26.437504,25.902061,26.5407,26.592453,28.026472,29.179558,30.324018,30.368486,29.536533,27.896015,Text tokens,10,71, 2,2,3,direct_attributes, C,10000,3,direct_attributes
44,27.73087,35.136414,34.939556,35.400036,36.04211,35.610794,35.520645,35.77687,33.81966,33.264393,32.031006,30.56449,30.077906,29.57187,28.83563,28.307615,27.730223,27.354883,27.606253,26.97588,26.397364,27.56658,27.78649,29.186447,30.169003,30.928898,31.232628,30.289291,28.215107,Text tokens,24,130, 1,1,0,relative_position, 0,0,0,relative_position
45,27.715761,35.120983,34.83639,35.281128,35.97072,35.555817,35.389065,35.4986,33.548134,33.014576,31.966272,30.557932,29.964796,29.371775,28.678972,28.091722,27.386898,26.991726,27.31238,26.68846,25.92163,27.001225,27.354465,29.022823,30.37758,31.321552,31.80885,30.91738,28.814783,Text tokens,23,125, 1,1,0,relative_position, 0,0,0,relative_position
46,27.845978,36.36759,36.221394,36.89845,37.88088,37.499344,37.441452,37.618603,35.665905,35.094322,33.794765,32.079964,31.448555,30.767637,30.123707,29.64143,28.885593,28.484459,28.85019,28.073938,27.498756,28.872534,29.255089,30.934427,32.077976,32.977726,33.291424,32.339752,29.917374,Text tokens,29,141, 1,1,1,relative_position, 0,0,1,relative_position
0,29.444433,35.891563,34.201775,35.333893,36.76669,36.54324,36.429527,36.959343,35.05171,34.64356,33.52217,32.202206,31.757538,31.389175,30.812239,30.363144,29.807579,29.613173,29.82733,29.095007,28.391161,29.079044,29.137869,30.546171,31.689905,32.479298,33.31944,32.588352,30.904718,Text only tokens,40,156, A,10000,1,relative_position, 0,0,1,relative_position
1,28.38694,33.561443,32.33814,33.012577,34.45103,34.364223,34.136635,34.652863,33.425003,33.111683,31.607983,30.5817,30.440954,30.458248,29.728405,29.140974,28.543676,28.645283,28.677607,27.886784,27.295248,27.945509,28.04942,29.740702,30.91976,32.315132,32.94359,32.497627,31.507185,Text only tokens,7,39, 1,1,2,direct_attributes, C,10000,2,direct_attributes
2,31.268312,36.094116,34.759144,35.91521,37.511772,36.457626,36.194523,37.099644,35.58136,35.430813,33.151554,32.042465,31.912043,31.526089,30.90559,30.29803,29.885506,30.134405,30.233133,29.496965,29.038624,29.75424,29.900597,31.277699,33.176674,34.279537,34.727573,34.644817,32.95298,Text only tokens,1,13, 1,1,1,direct_attributes, A,10000,1,direct_attributes
3,28.524769,35.269188,33.582462,34.709805,36.05532,35.93464,35.785313,36.29752,34.56951,33.95416,32.81875,31.46957,30.871964,30.400543,29.835567,29.383774,28.871817,28.710648,28.899797,28.181776,27.495382,28.207045,28.413143,29.939167,31.08449,32.267525,33.17063,32.395916,31.035486,Text only tokens,17,112, A,10000,0,relative_position, 0,0,0,relative_position
4,28.535812,34.72292,33.34995,34.4867,35.98004,35.810715,35.790257,36.387985,34.421356,33.923374,32.800945,31.496,30.982605,30.604143,30.090763,29.61706,29.085665,28.966972,29.188534,28.471231,27.901764,28.797798,28.909225,30.309887,31.212734,31.83518,32.602776,31.933367,30.254408,Text only tokens,15,109, 1,1,1,relative_position, 0,0,1,relative_position
5,27.720625,34.27132,32.682602,33.75974,35.226856,35.0134,34.974464,35.51478,33.47277,33.04214,32.06983,30.841322,30.390202,29.961111,29.471596,28.994326,28.424961,28.2614,28.441757,27.626204,27.075926,27.618694,27.704113,29.19011,30.281322,31.296007,32.182224,31.6469,30.394608,Text only tokens,14,107, A,10000,0,relative_position, 0,0,0,relative_position
6,25.05021,29.826792,28.278318,29.0829,30.90198,30.822906,30.816906,31.228819,29.904287,29.666225,28.96622,28.093239,27.683712,27.02396,26.543741,26.152908,25.776838,25.641697,25.769024,25.114332,24.58792,24.870874,24.910957,26.129267,27.017317,28.030735,29.033794,28.60896,27.939636,Text only tokens,8,63, 0,0,0,direct_attributes, A,10000,0,direct_attributes
7,25.926756,31.251558,29.76945,30.561998,32.172062,32.21953,32.158245,32.686172,31.319221,31.032385,30.146816,29.044605,28.641745,28.206688,27.758831,27.298887,26.958899,26.835972,27.011644,26.241161,25.685066,26.095686,26.199015,27.326035,28.243464,29.259377,30.048643,29.824001,28.53445,Text only tokens,6,38, 1,1,1,direct_attributes, B,10000,1,direct_attributes
8,28.527212,35.214962,33.53653,34.599556,36.018497,35.888683,35.764507,36.259766,34.30264,33.80667,32.65746,31.313435,30.779882,30.447521,29.906298,29.485813,28.922012,28.749191,28.915043,28.104612,27.507366,28.14914,28.262283,29.710245,30.84705,31.872614,32.661648,31.987263,30.982952,Text only tokens,34,148, A,10000,1,relative_position, 0,0,1,relative_position
9,26.004889,31.136639,29.6253,30.495369,32.211533,32.210075,32.21062,32.758335,31.500298,31.298075,30.44165,29.38608,28.933277,28.41086,27.919786,27.449764,27.172478,27.100418,27.286354,26.485226,25.874285,26.125275,26.158464,27.291792,28.172518,29.196726,30.043715,29.851889,28.838999,Text only tokens,5,36, 1,1,1,direct_attributes, 0,0,1,direct_attributes
10,28.539095,35.170734,33.660538,34.68472,36.079746,35.969406,35.893112,36.509026,34.60075,34.056488,32.89096,31.45153,30.831905,30.446564,29.987192,29.573662,29.040709,28.884487,29.068914,28.325506,27.689177,28.525677,28.754148,30.236866,31.372183,32.49973,33.370792,32.623093,31.146894,Text only tokens,27,134, 1,1,1,relative_position, 0,0,1,relative_position
11,27.5147,32.008915,30.961494,31.61239,33.185772,33.14584,32.98295,33.56718,32.31528,32.12155,30.772839,30.019464,29.922556,29.761702,29.066208,28.429052,27.919,27.918259,27.914232,27.100067,26.677351,27.188444,27.36121,28.921516,30.227901,31.42122,31.697636,31.27102,30.196077,Text only tokens,2,29, A,10000,2,direct_attributes, 1,1,2,direct_attributes
12,28.610243,35.831635,34.198025,35.30441,36.900517,36.716934,36.601173,37.187004,35.346313,34.697613,33.570766,32.16568,31.64283,31.167995,30.572231,30.151684,29.59301,29.448704,29.65219,28.972616,28.3209,29.162523,29.269962,30.760435,31.743465,32.565865,33.384212,32.787292,31.3789,Text only tokens,44,162, 1,1,0,relative_position, 0,0,0,relative_position
13,27.756645,34.320972,32.79761,33.840107,35.253216,35.020874,34.94698,35.57936,33.673214,33.300224,32.312706,31.16264,30.792933,30.36879,29.881954,29.338215,28.863146,28.671215,28.875246,28.19473,27.611557,28.182085,28.457678,29.870094,31.157217,32.297523,33.07045,32.54687,30.86222,Text only tokens,37,153, A,10000,1,relative_position, 0,0,1,relative_position
14,27.813663,34.864582,33.369587,34.437397,35.88508,35.676468,35.647076,36.161476,33.94365,33.558754,32.49542,31.073565,30.451632,30.067598,29.63102,29.250925,28.638203,28.543629,28.676296,27.951607,27.477169,28.348387,28.63709,30.285233,31.487658,32.572834,33.385487,32.71816,31.250555,Text only tokens,13,102, A,10000,0,relative_position, 0,0,0,relative_position
15,28.566128,35.193012,33.273052,34.55181,36.007435,35.641563,35.559284,36.198677,34.343243,33.71307,32.61828,31.418795,30.99175,30.55014,30.018755,29.564253,29.102806,28.85642,29.003635,28.34811,27.69807,28.397114,28.48212,30.062057,31.252592,32.274525,33.03175,32.19469,30.922968,Text only tokens,41,157, A,10000,1,relative_position, 0,0,1,relative_position
16,26.093712,31.518587,30.231148,31.120045,33.083492,33.231503,33.23316,34.00781,32.65694,32.169056,31.23967,30.099304,29.631704,28.966467,28.682993,28.2478,27.866173,27.651838,27.730156,26.836239,26.284435,26.870365,27.072687,28.32042,29.534838,30.458641,31.220974,30.960682,29.198465,Text only tokens,16,111, 1,1,1,relative_position, A,10000,1,relative_position
17,26.882727,33.397923,31.764944,32.90156,34.41392,34.301178,34.219982,34.810345,32.934967,32.46636,31.503954,30.161123,29.682928,29.182718,28.74001,28.26905,27.77245,27.592379,27.740294,27.026756,26.452997,27.123507,27.36705,28.97176,30.111473,31.269888,32.196724,31.82338,30.348423,Text only tokens,19,116, 1,1,1,relative_position, 0,0,1,relative_position
18,28.370281,33.160454,31.986332,32.946247,34.420906,34.36584,34.37753,34.86707,33.395027,33.10912,31.680092,30.747068,30.578571,30.561481,29.796808,29.238285,28.71041,28.758488,28.772343,27.813133,27.25491,27.820778,27.888792,29.411474,30.59374,31.961885,32.512474,32.142315,30.886797,Text only tokens,0,10, 1,1,1,direct_attributes, A,10000,1,direct_attributes
19,28.078121,34.63385,33.033936,34.05386,35.770752,35.449436,35.492325,36.454235,34.77886,34.382347,33.335247,31.516478,31.338045,31.119627,30.857334,30.583633,30.305132,30.167294,30.493431,29.60846,28.960499,29.83028,30.069576,31.553583,32.476036,33.534363,34.284657,34.131004,31.924696,Text only tokens,43,160, 1,1,0,relative_position, 0,0,0,relative_position
20,27.723064,34.167953,32.48081,33.774208,35.27563,35.087986,35.078003,35.77022,33.807083,33.430164,32.25919,30.961182,30.554686,30.049732,29.557999,29.091713,28.598196,28.4794,28.644007,27.916208,27.270908,27.979456,28.084887,29.741852,30.797424,31.948286,32.679726,32.09274,30.487722,Text only tokens,39,155, 1,1,1,relative_position, 0,0,1,relative_position
21,28.541592,34.926243,33.41075,34.486637,35.875874,35.570663,35.487938,36.06968,34.017952,33.53788,32.582447,31.235172,30.749214,30.363852,29.797533,29.360813,28.774612,28.629799,28.718699,27.984879,27.366259,28.038713,28.25839,29.719086,30.939896,32.099358,32.92605,32.21758,30.746706,Text only tokens,22,124, A,10000,0,relative_position, 0,0,0,relative_position
22,26.87094,33.377686,31.759861,32.894783,34.386036,34.248474,34.177574,34.806854,32.88526,32.393578,31.384146,30.051022,29.604563,29.08846,28.659513,28.218351,27.769632,27.57149,27.716824,26.982258,26.431156,27.06845,27.33792,28.850004,29.96687,31.111357,32.03929,31.669596,30.277884,Text only tokens,20,121," The dog is not visible in this image. The scene shows a canal with boats and buildings along its banks, but there are no dogs present. Therefore, the answer is:

N/A",10000,1,relative_position, 0,0,1,relative_position
23,27.811998,34.70835,33.021774,34.160645,35.59849,35.31882,35.267784,35.958004,33.974716,33.619877,32.61495,31.28718,30.864523,30.51553,29.972635,29.485397,28.855453,28.746897,28.85514,28.191628,27.728075,28.45244,28.65904,30.181284,31.308464,32.391514,33.231514,32.60901,31.041422,Text only tokens,25,132, A,10000,1,relative_position, 0,0,1,relative_position
24,26.85459,33.310654,31.614939,32.904633,34.432724,34.303703,34.22878,34.83447,32.942715,32.276333,31.294447,30.086128,29.659859,29.127989,28.649012,28.139559,27.631506,27.515165,27.720922,27.038137,26.404684,26.99383,27.13483,28.502825,29.648243,30.755468,31.769453,31.086754,30.060251,Text only tokens,36,151, A,10000,0,relative_position, 0,0,0,relative_position
25,28.541662,35.99399,34.356846,35.7188,37.528778,37.17597,37.173656,37.98816,36.154526,35.71168,34.604523,33.17279,32.591213,31.919678,31.401442,31.022718,30.422516,30.34961,30.633884,29.927584,29.482943,30.293215,30.53005,31.94762,33.04221,33.996246,34.601883,33.84904,31.798525,Text only tokens,32,146, 0,0,1,relative_position, B,10000,1,relative_position
26,27.789331,34.42326,32.779213,33.85947,35.34731,35.032703,34.98579,35.66893,33.787144,33.41992,32.24487,30.922733,30.492865,30.166796,29.645098,29.17129,28.62063,28.422195,28.562027,27.806206,27.249039,27.894564,27.962963,29.35577,30.303968,31.18566,32.036713,31.452822,29.827911,Text only tokens,45,163, 0,0,1,relative_position, B,10000,1,relative_position
27,29.433401,35.907627,34.3166,35.47415,36.82717,36.733204,36.566517,37.110554,35.075554,34.68418,33.52362,32.05371,31.4478,31.053162,30.480644,29.978157,29.358541,29.244343,29.351643,28.569468,28.008835,28.828539,29.116007,30.771656,31.90965,32.953655,33.741386,33.146233,31.167627,Text only tokens,31,144, A,10000,0,relative_position, 0,0,0,relative_position
28,27.74692,34.314392,32.762398,33.827038,35.30326,35.13462,35.081406,35.67615,33.82131,33.302567,32.20824,30.881792,30.436342,29.989838,29.526823,29.089869,28.645119,28.436115,28.615898,27.925001,27.35019,28.091122,28.27848,29.813038,30.778622,31.768343,32.574547,31.920576,30.25602,Text only tokens,18,113, 1,1,1,relative_position, 0,0,1,relative_position
29,27.772661,34.59274,32.787025,33.969486,35.420746,35.306507,35.346283,35.92798,33.88797,33.505146,32.4556,31.213554,30.770885,30.364794,29.861868,29.443584,28.890497,28.745554,28.921463,28.120066,27.500736,28.14932,28.219582,29.683962,30.703333,31.499117,32.39744,31.821817,30.400507,Text only tokens,46,165, A,10000,1,relative_position, 0,0,1,relative_position
30,27.73401,34.258545,32.711765,33.887703,35.330734,35.108692,34.945377,35.58544,33.673874,33.201828,32.196594,31.006392,30.551805,30.097666,29.538527,29.095007,28.545645,28.337494,28.39978,27.650187,27.047476,27.741074,27.926647,29.42036,30.586683,31.697622,32.670345,32.024685,30.46366,Text only tokens,28,140, B,10000,0,relative_position, 0,0,0,relative_position
31,28.575106,35.077812,33.470707,34.525227,35.907337,35.654583,35.57125,36.136826,34.30494,33.912663,32.77428,31.407585,30.909527,30.533953,30.003077,29.605682,29.017294,28.851704,29.039164,28.244778,27.611374,28.212997,28.30408,29.76774,30.84553,31.730967,32.64095,31.946579,30.389418,Text only tokens,33,147, 1,1,1,relative_position, 0,0,1,relative_position
32,25.983093,31.429226,29.725761,30.541912,32.2499,32.217457,32.207096,32.772156,31.452671,31.167425,30.311035,29.288185,28.879438,28.3166,27.841194,27.400354,27.124516,27.052464,27.194746,26.429386,25.87305,26.149498,26.291584,27.338331,28.205673,29.360952,30.188278,29.837322,29.019148,Text only tokens,11,74, 1,1,1,direct_attributes, 0,0,1,direct_attributes
33,26.879898,33.418262,31.737322,32.8683,34.415226,34.33315,34.232334,34.863766,32.986362,32.453445,31.433239,30.176147,29.695606,29.274864,28.822468,28.425388,27.978903,27.80187,27.964808,27.160547,26.481619,27.160017,27.231503,28.695896,29.684103,30.733698,31.580887,30.949173,29.820753,Text only tokens,26,133, 1,1,1,relative_position, 0,0,1,relative_position
34,28.600529,35.108234,33.599224,34.623306,36.12055,35.993507,35.89903,36.399097,34.486095,33.957767,32.746483,31.418428,30.884542,30.48276,29.953154,29.513277,28.953054,28.820852,28.966911,28.154623,27.437532,28.22251,28.523668,30.04088,31.351995,32.64275,33.651596,32.998474,31.46791,Text only tokens,42,158, A,10000,0,relative_position, 0,0,0,relative_position
35,27.48895,31.893635,30.750074,31.476603,32.946026,32.9727,32.80877,33.384872,32.19407,31.940126,30.609089,29.720037,29.53648,29.532219,28.82087,28.242514,27.675278,27.710567,27.708273,26.906937,26.353315,26.884493,27.10806,28.749083,29.848757,31.181808,31.549685,30.967747,30.009945,Text only tokens,4,32, 2,2,0,direct_attributes, A,10000,0,direct_attributes
36,27.6862,34.313606,32.6322,33.807083,35.35705,35.049934,34.9254,35.50654,33.556458,33.0253,32.05524,30.828648,30.387165,29.887056,29.366047,28.943441,28.38687,28.173311,28.333311,27.63173,27.00839,27.647905,27.879168,29.33357,30.558107,31.707317,32.603443,31.91013,30.691303,Text only tokens,35,149, B,10000,1,relative_position, 0,0,1,relative_position
37,28.422548,33.55926,32.217667,32.966312,34.448795,34.451187,34.185154,34.802254,33.544876,33.34687,31.930603,30.961102,30.852194,30.75511,30.02574,29.43933,28.862793,28.957838,28.988316,28.153006,27.625101,28.199615,28.340494,30.0387,31.213001,32.499584,33.05079,32.58557,31.58694,Text only tokens,3,31, 2,2,2,direct_attributes, C,10000,2,direct_attributes
38,27.680727,34.339043,32.66546,33.762135,35.2411,35.101128,34.9813,35.568394,33.646523,33.106438,31.926582,30.81254,30.332493,29.885515,29.391346,28.910555,28.36026,28.20748,28.358461,27.622658,27.010214,27.675144,27.786522,29.278906,30.213072,31.32831,32.32777,31.728985,30.751259,Text only tokens,12,101, B,10000,0,relative_position, 0,0,0,relative_position
39,27.739222,34.22284,32.68921,33.810135,35.232243,35.06472,34.988266,35.62612,33.52258,33.146984,32.10226,30.696585,30.14887,29.820396,29.382147,28.898554,28.290518,28.196493,28.318163,27.575703,27.05872,27.858852,28.113417,29.69451,30.801949,31.917967,32.77341,32.232513,30.822914,Text only tokens,38,154, 1,1,1,relative_position, 0,0,1,relative_position
40,27.741604,34.32338,32.702663,33.770447,35.25582,35.062225,34.950535,35.53809,33.502342,33.064503,32.094883,30.920315,30.446623,29.95748,29.477404,29.042398,28.525955,28.399658,28.564835,27.744553,27.209183,27.83046,27.948507,29.355667,30.39905,31.205757,32.064182,31.462347,30.300386,Text only tokens,30,143, B,10000,0,relative_position, 0,0,0,relative_position
41,28.345373,32.872147,31.730541,32.33165,33.841858,33.830452,33.48862,34.11314,32.997734,32.841877,31.465452,30.566633,30.574913,30.524408,29.69329,29.06474,28.587706,28.57692,28.613428,27.839941,27.301756,27.8318,27.927446,29.598852,30.717787,31.961761,32.32391,31.712904,30.455467,Text only tokens,9,68, 1,1,1,direct_attributes, C,10000,1,direct_attributes
42,28.556404,34.905396,33.360367,34.512703,35.93657,35.79498,35.720196,36.24199,34.33179,33.870853,32.691597,31.300587,30.769325,30.42238,29.833794,29.420198,28.864273,28.765848,28.948298,28.204428,27.543758,28.25523,28.428722,29.827179,31.057775,32.154438,32.95595,32.244953,30.795341,Text only tokens,21,122, 1,1,0,relative_position, 0,0,0,relative_position
43,27.501831,31.838602,30.763697,31.581436,33.16534,33.129272,33.0013,33.55031,32.362,32.10784,30.72906,29.942087,29.877571,29.812988,29.122803,28.518215,28.084677,28.131681,28.19367,27.385464,26.811317,27.424877,27.588053,29.03794,30.166988,31.36742,31.624985,31.154678,30.143085,Text only tokens,10,71, 2,2,3,direct_attributes, C,10000,3,direct_attributes
44,27.73087,34.270275,32.6036,33.73945,35.19728,35.04633,35.068012,35.67337,33.827435,33.307667,32.141106,30.733067,30.229116,29.805157,29.299168,28.89508,28.403286,28.255411,28.420366,27.76349,27.150497,27.92277,28.05562,29.567297,30.65855,31.85193,32.69904,31.953152,30.573776,Text only tokens,24,130, 1,1,0,relative_position, 0,0,0,relative_position
45,27.715761,34.414455,32.658382,33.677578,35.13577,34.930244,34.86894,35.463306,33.70324,33.231304,32.23107,30.995533,30.526999,30.07087,29.486784,29.037579,28.455044,28.282763,28.4462,27.622938,26.886698,27.40391,27.564121,29.164812,30.37433,31.508993,32.534393,31.851784,30.70271,Text only tokens,23,125, 1,1,0,relative_position, 0,0,0,relative_position
46,27.845978,35.634514,34.150703,35.306286,37.015366,36.865677,36.86864,37.54271,35.789955,35.40912,34.056835,32.490402,31.882093,31.398914,30.928339,30.464806,29.901358,29.737783,30.006023,29.208784,28.335115,29.073519,29.386106,30.878693,32.001213,33.133125,34.04575,33.48249,31.954882,Text only tokens,29,141, 1,1,1,relative_position, 0,0,1,relative_position
