,0,1,2,3,4,5,6,7,8,9,10,11,12,13,14,15,16,17,18,19,20,21,22,23,24,25,26,27,28,29,30,31,32,Mean over
0,28.349255,28.38503,28.559021,28.564842,28.610397,28.617172,28.590405,28.570917,28.556562,29.079517,29.933697,32.05413,37.239113,40.170326,45.052315,48.618614,54.327496,59.164284,65.783775,69.546844,69.632065,72.216034,71.95144,73.40968,74.16693,76.26133,78.201195,81.74054,83.547554,88.19139,94.91188,98.34811,86.83595,All tokens
1,41.436844,41.518875,41.913883,41.991432,42.187,42.30175,42.551243,42.89644,43.46046,44.887638,47.294987,51.457054,60.224213,65.9564,74.81802,82.90826,94.12569,102.59265,116.28775,126.2978,131.5713,141.56241,145.53099,151.87741,156.7039,162.59793,169.32722,177.2763,184.69858,197.2818,207.63715,207.0622,164.43631,All tokens
2,26.347628,26.387989,26.563433,26.580896,26.658941,26.671183,26.74462,26.818874,27.01439,27.707752,28.962664,31.560005,37.987732,41.593193,48.571854,55.038418,63.42699,71.56233,82.01626,88.82644,92.00421,96.86304,97.86216,101.80137,105.7776,110.597115,115.76095,120.50191,124.15341,130.87758,139.24825,142.5312,125.72271,All tokens
3,22.530659,22.57076,22.797028,22.824493,22.917137,22.969624,23.118826,23.28173,23.58691,24.421364,25.695528,28.526724,34.300358,37.555557,42.920246,47.924416,53.641445,58.59918,65.25877,70.349976,74.254425,77.13287,80.17919,83.893234,87.42725,90.08674,93.831535,97.46641,99.021484,101.11149,108.58693,108.022194,99.75203,All tokens
4,32.773872,32.84157,33.165955,33.243874,33.40179,33.52381,33.714962,34.030617,34.50007,36.02192,37.984447,41.96528,49.81904,54.395096,61.5901,66.23191,73.293945,79.23575,88.70285,94.33579,96.78754,100.60066,99.09688,102.89146,106.06904,110.07288,115.842064,121.35711,125.740944,131.73158,140.2272,144.61449,143.68587,All tokens
5,36.031235,36.12302,36.557095,36.699825,36.95241,37.21248,37.655617,38.26769,39.329227,41.542767,44.272915,48.848385,56.47224,60.929752,66.08957,68.331764,76.93599,83.41416,91.18551,94.59159,95.060356,98.27062,99.228,102.77162,108.50055,111.45009,117.384315,123.55868,126.500015,131.81415,140.00406,147.3283,149.04959,All tokens
6,14.91694,14.94157,15.037254,15.047824,15.086008,15.0886135,15.121991,15.19201,15.307604,15.791148,16.686666,18.748545,23.660881,26.797314,33.153362,39.054802,45.784374,52.153458,60.052895,66.42269,71.447464,75.79277,77.65118,80.642944,83.805275,86.645645,89.826836,93.19905,97.123695,103.03457,110.660576,107.76178,103.093346,All tokens
7,33.670315,33.73227,34.055977,34.130474,34.310036,34.43781,34.74623,35.05473,35.71913,37.204903,39.710518,44.00125,52.139896,56.873943,64.24994,69.65587,78.71102,85.42897,95.33576,100.26691,102.69134,107.704704,107.96896,112.21926,115.36123,119.75569,125.72422,129.38846,132.19086,138.80322,144.58836,146.67717,131.52014,All tokens
8,59.670094,59.817036,60.48743,60.69925,61.139065,61.57371,62.491867,63.637325,65.82322,69.42935,73.50961,79.92821,87.35845,92.502525,95.84074,96.54251,104.3874,109.44542,119.90323,123.7162,118.403854,120.21913,116.89256,117.75539,114.92901,115.8424,122.89839,130.34216,138.91785,148.78339,156.06357,164.32626,147.32886,All tokens
9,12.534849,12.561379,12.668134,12.687014,12.757729,12.839728,12.959005,13.148608,13.512605,14.4259405,15.49871,18.138613,23.100298,25.697353,31.26165,34.976173,39.11721,43.077824,46.779335,49.461216,48.50063,48.090378,46.92117,48.129803,47.96425,50.422516,52.545135,54.60484,54.25587,57.01484,61.68335,64.70938,70.49749,All tokens
0,28.168053,28.175722,28.182375,28.15158,28.14017,28.080706,27.958336,27.795256,27.60477,27.882463,28.39919,30.06516,34.653973,37.08407,41.457794,44.64635,49.761475,54.038113,60.01491,63.393246,63.458485,65.80408,65.54196,66.75619,67.3673,69.26705,70.98292,74.22937,75.85459,80.1798,86.88648,90.500496,81.52703,Img tokens
1,42.19396,42.20504,42.236828,42.225765,42.263744,42.185505,42.136127,42.043808,42.03887,42.729927,44.14156,47.15465,54.540607,59.166794,66.772644,74.06991,84.26978,92.01798,104.64207,113.99559,119.13953,128.78911,132.53485,138.28899,142.64311,148.20702,154.39388,161.80646,168.69194,180.65291,191.63416,192.35905,156.43214,Img tokens
2,26.240747,26.252518,26.26072,26.230938,26.249596,26.181005,26.138788,26.030619,26.003456,26.393091,27.22982,29.281342,34.962822,37.947853,44.18614,50.036312,57.70983,65.15734,74.88848,81.21837,84.33443,88.94041,89.88189,93.43947,97.05449,101.587654,106.353455,110.79157,114.22804,120.629074,129.25743,133.34402,120.80176,Img tokens
3,22.193155,22.203417,22.213642,22.196234,22.209394,22.170912,22.176352,22.129217,22.177048,22.620302,23.390984,25.54341,30.468077,33.07844,37.727875,42.117554,47.177773,51.58277,57.60967,62.23761,65.82959,68.549675,71.34519,74.61619,77.7365,80.091644,83.42781,86.70007,88.05848,90.03189,97.35144,97.10156,92.85252,Img tokens
4,32.882095,32.904587,32.9315,32.942516,32.997322,32.983177,32.981533,32.9877,33.080826,34.048225,35.289402,38.40151,45.225494,48.99232,55.36985,59.5095,65.98726,71.33115,80.03805,85.236786,87.84196,91.65399,90.33076,93.70826,96.54371,100.23933,105.423965,110.44823,114.45781,120.053116,128.90013,133.6873,136.35735,Img tokens
5,37.020664,37.04005,37.074234,37.106926,37.18717,37.213963,37.300488,37.35124,37.6791,38.889877,40.368046,43.60463,49.864323,53.313942,57.679543,59.58752,67.31493,73.011955,80.00965,83.13684,83.922516,87.12205,88.09367,91.082954,96.05055,98.778946,104.07041,109.63576,112.16802,116.87032,125.59927,133.22345,141.08348,Img tokens
6,14.662862,14.673124,14.680965,14.675209,14.6893835,14.670406,14.66988,14.685692,14.733303,15.098434,15.80033,17.592623,22.04903,24.780062,30.539421,35.8936,42.039085,47.78114,55.101227,60.990856,65.73163,69.74634,71.46648,74.165504,77.045166,79.68439,82.63592,85.81487,89.533226,95.15168,102.85854,100.48613,98.8271,Img tokens
7,34.033657,34.04411,34.07066,34.068024,34.13125,34.104004,34.179237,34.15189,34.380756,35.277958,36.945995,40.20019,47.146515,50.97367,57.381542,62.113537,70.28958,76.222946,85.230774,89.653915,91.87698,96.58874,96.834404,100.533104,103.19564,107.19813,112.61035,115.972725,118.46291,124.5704,130.98528,133.99101,125.31404,Img tokens
8,63.003777,63.039448,63.090633,63.163143,63.37351,63.51718,63.955524,64.35628,65.5842,67.80239,70.19861,74.85781,80.62702,84.46937,87.00377,87.43134,94.651245,98.91634,108.4602,111.86142,106.96453,108.79543,105.49984,105.92686,103.055695,103.588486,109.813545,116.59918,124.443474,133.56828,141.1643,150.06483,140.97246,Img tokens
9,12.192643,12.20371,12.212927,12.215916,12.260649,12.315052,12.386831,12.505114,12.773889,13.5231905,14.368932,16.647621,21.058754,23.243685,28.17755,31.44141,35.08592,38.483337,41.744545,44.105717,43.202805,42.655792,41.497288,42.45917,42.25537,44.40031,46.266567,48.1387,47.77067,50.291317,54.785946,57.985783,65.90887,Img tokens
0,36.576397,44.488953,1.3498402,1.7174363,2.5661304,3.613957,5.2596116,7.553493,10.416646,13.212544,16.14453,20.190104,24.81155,27.940659,31.74564,32.116,35.114563,38.551018,42.125248,44.452362,46.27855,46.955524,47.242683,48.33855,49.62107,50.160526,51.08359,51.99744,52.98755,53.800327,52.628536,51.026566,37.901176,Text tokens
1,36.555134,47.46428,1.2992489,1.6060759,2.28982,3.220287,4.726573,6.6927934,9.296401,11.882422,15.014488,18.907299,23.77551,27.465342,32.18061,33.238968,37.292767,41.259525,45.79111,48.541298,50.614105,51.126263,51.907257,53.04108,54.440907,54.9854,56.023766,56.983475,58.36577,59.38893,58.104908,56.321075,42.643124,Text tokens
2,25.665916,37.432186,1.3210251,1.6714169,2.5510943,3.6987147,5.387505,7.917897,11.09467,13.929525,16.911785,21.041843,26.151442,29.530544,33.788868,34.942757,38.684204,42.239117,46.165195,48.89461,50.564713,51.29251,52.129826,53.3731,54.673782,55.234047,56.066463,56.80545,57.82395,58.60692,57.64372,55.80665,40.81034,Text tokens
3,29.717766,40.76276,1.2408063,1.4771613,2.0257142,2.7136214,3.7677157,5.247336,7.091328,9.186827,11.356962,14.517073,18.661688,21.94629,26.061335,27.758528,31.410542,35.413956,39.945797,42.94226,45.507538,46.126175,47.305,48.65782,50.135654,51.340973,52.524773,53.59716,54.802986,55.64557,54.832573,53.354794,38.241337,Text tokens
4,31.031427,41.263638,1.2258868,1.4655827,1.9821696,2.6143777,3.6197712,5.0189667,6.8062844,8.665524,10.930533,13.777777,17.597374,20.559181,24.319313,25.833553,29.402555,33.258904,37.358784,40.21598,42.029957,42.733746,43.248436,44.620426,45.99131,46.74834,48.077744,49.199184,50.295403,50.976463,49.79647,48.919167,37.475513,Text tokens
5,32.862762,42.357914,1.2190667,1.4514129,1.9304816,2.515221,3.4137013,4.712413,6.4050703,8.152584,10.286141,13.2021475,17.08319,20.188976,24.398993,26.221098,30.215412,34.752953,39.555286,42.74058,45.50975,46.95937,48.15284,49.585815,51.032562,51.545265,52.45913,53.078552,54.137306,54.981674,53.441654,51.83408,39.785145,Text tokens
6,28.388042,38.010437,1.2185819,1.4496436,1.9942614,2.650705,3.6756947,5.0715837,6.849798,8.687256,10.831106,13.574855,17.242464,20.224941,24.160233,25.614525,29.444254,33.026955,37.183983,40.17231,43.087543,44.449287,45.56879,46.601368,47.947468,48.92787,49.762924,50.50043,51.367374,51.95405,51.138783,49.80736,37.008816,Text tokens
7,37.510715,47.23192,1.284653,1.5851454,2.235205,3.0972846,4.430129,6.2429132,8.525889,10.76199,13.615075,17.223671,21.967102,25.270256,29.445656,30.874489,34.6555,38.900772,43.371937,46.36398,49.040386,50.068798,50.67981,51.709698,53.135365,54.04689,55.022224,55.635887,56.550785,57.275997,55.4849,53.515198,39.813023,Text tokens
8,27.036985,36.48779,1.1592877,1.3186352,1.6562517,2.0401497,2.6599808,3.4682724,4.5411267,5.6408253,6.955248,8.687227,11.409451,13.725586,16.969503,18.580883,21.59211,25.444462,29.884794,33.231045,36.14403,37.561028,38.7871,40.19144,41.227863,42.115566,42.961018,43.909992,44.958878,45.77717,45.148563,44.32827,32.230976,Text tokens
9,32.424713,41.706593,1.2454749,1.4993134,2.065529,2.7523322,3.8978407,5.457115,7.3753114,9.376268,11.551738,14.740464,18.876562,21.829868,26.181475,27.771694,31.245218,35.39592,39.3823,42.6952,44.896183,46.2297,47.170425,48.830513,49.745747,51.23943,52.49749,53.531445,54.75304,55.229805,53.863625,52.38234,39.40336,Text tokens
0,36.576397,48.104324,1.2518126,1.5056338,2.0203197,2.67092,3.6951487,5.030811,6.768863,8.782281,10.803392,13.946733,17.577759,20.312468,24.354776,25.740595,29.40402,33.89245,38.551147,42.15735,44.93916,46.495464,47.40815,48.814827,50.193157,51.481506,52.74511,53.998924,55.23863,55.802288,55.08423,53.770214,38.825787,Text only tokens
1,36.555134,51.96326,1.3213197,1.6579256,2.3292418,3.3182132,4.8695827,6.7366786,9.1692705,11.776597,14.551174,18.633385,23.48414,26.816458,31.416737,32.550957,36.379566,40.65198,45.09786,48.160255,50.060463,51.036682,51.87464,53.27503,54.36845,55.651676,57.046738,58.36404,60.063465,60.99158,60.04319,58.572136,44.605953,Text only tokens
2,25.665916,43.330124,1.2695888,1.5591434,2.1403635,2.9734554,4.1590104,5.841812,8.101565,10.401745,12.846388,16.564596,20.906599,24.377853,28.712194,30.207972,34.316643,39.242973,44.229202,47.71139,50.280212,51.729427,53.058132,54.73962,56.02718,57.138206,58.26436,59.505863,60.872086,61.59327,60.324776,58.60602,44.54703,Text only tokens
3,29.717766,43.276627,1.2400703,1.4804544,2.0066617,2.6872537,3.7408237,5.0860143,6.8006783,8.771905,10.790439,13.836329,17.815294,20.829317,25.045074,26.815422,30.643995,35.07987,39.862556,43.093857,45.888115,47.048885,48.332638,49.928608,51.223553,52.71834,53.87614,55.29025,56.716244,57.846016,57.333138,56.25419,42.237938,Text only tokens
4,31.031427,44.3485,1.2114258,1.439531,1.8854537,2.4622414,3.35415,4.5045233,5.959913,7.603091,9.4709215,12.115716,15.643896,18.430506,22.036785,23.436737,26.919085,31.118225,35.403652,39.01524,41.401543,42.892574,43.678677,45.19627,46.6659,48.019207,49.1975,50.584705,52.032623,53.05388,52.66652,51.86124,40.815712,Text only tokens
5,32.862762,44.882053,1.263488,1.536619,2.080488,2.8143575,3.9035265,5.3089724,7.048181,9.037266,11.3275,14.711019,18.810112,21.901999,26.06275,27.440475,31.337362,35.87491,40.151062,43.638912,46.130676,47.47155,48.63285,50.027966,50.96621,51.90809,52.988678,53.902527,54.928165,55.642303,54.831135,53.390823,41.95625,Text only tokens
6,28.388042,42.5298,1.2020589,1.4049361,1.8343576,2.3881836,3.2333868,4.273373,5.661876,7.294512,9.022614,11.56227,14.782232,17.573769,21.206354,22.604006,26.119772,30.282751,34.69105,38.25105,41.216267,42.928013,43.95301,45.357742,46.663464,48.039143,49.159157,50.43644,51.76866,52.623093,52.271236,51.21365,39.181736,Text only tokens
7,37.510715,50.41337,1.288798,1.5867453,2.1872983,3.030607,4.3020554,5.9507575,8.115547,10.330031,12.827824,16.389551,20.926456,24.286638,28.521786,29.99842,33.947666,38.571293,43.256596,46.557114,49.047684,50.422096,51.43844,52.70756,53.816628,55.241684,56.263496,57.525806,58.804462,59.63084,58.47968,56.808678,43.595234,Text only tokens
8,27.036985,37.59045,1.1579682,1.3142586,1.6232892,1.9846457,2.5485873,3.2633681,4.1526065,5.2655354,6.4262156,8.1969385,10.603977,12.666496,15.734449,17.214626,20.298689,24.416801,29.11917,33.01449,36.15313,37.92834,39.242794,40.61417,41.79558,43.075554,44.05404,45.162495,46.260414,46.944668,46.5941,45.75326,34.085945,Text only tokens
9,32.424713,44.786133,1.2211199,1.4528494,1.9114923,2.5062249,3.4506001,4.62613,6.1019864,7.8037534,9.559439,12.310573,15.98994,18.843243,22.973463,24.615921,28.267992,32.78827,37.403027,41.268322,43.8295,45.519897,46.67007,48.547764,49.711895,51.397293,52.646374,53.94912,55.54891,56.30762,55.417927,54.43716,43.579845,Text only tokens
