,0,1,2,3,4,5,6,7,8,9,10,11,12,13,14,15,16,17,18,19,20,21,22,23,24,25,26,27,28,29,30,31,32,33,34,35,36,contains,Mean over
0,2.2301435,62.772068,65.42771,68.36051,73.823685,95.85464,99.163994,102.345665,94.155975,99.0879,103.40697,103.13612,91.87737,84.650444,80.15357,74.11969,76.943726,84.4788,89.86651,91.781395,106.147804,99.81322,103.95509,108.95954,108.50924,103.76532,97.496254,98.52093,98.374245,95.32553,97.65454,89.28501,109.04576,113.06635,95.37018,83.22529,48.142426,both img and text,All tokens
1,2.1949627,60.965588,63.593887,66.29425,71.50666,92.80308,95.981094,99.897736,91.78012,95.905334,99.85078,99.64858,89.56834,82.24392,77.70036,71.8866,74.52689,81.62903,86.47769,88.72666,102.55245,96.17626,100.005104,104.64784,104.22133,99.67538,94.08826,95.45412,95.746956,92.13996,95.56706,89.34596,106.5207,108.3114,87.53066,73.42827,41.87544,both img and text,All tokens
2,2.2541864,62.88996,65.80198,68.81157,73.94629,95.67722,98.73878,102.16565,93.90768,98.61249,102.93572,102.46237,91.793564,84.48741,79.862,73.637314,76.36839,83.82793,88.818985,91.12322,105.26353,98.65214,103.09384,108.538,107.97236,103.61802,98.23413,99.2183,98.59444,95.05631,98.07911,90.618416,108.87182,111.959076,92.80706,78.81837,44.85954,both img and text,All tokens
3,2.29652,64.01947,67.00529,70.04052,74.74795,96.75405,99.83111,102.99233,94.30719,98.47692,102.821075,103.32499,91.870674,84.360886,79.483795,73.8701,76.68466,84.24877,89.106766,91.1283,106.74436,101.07972,105.75612,110.28372,109.88955,104.95559,98.28861,98.95899,99.68251,95.792625,99.47567,91.88404,108.74036,110.67319,88.71072,74.51815,42.14299,both img and text,All tokens
4,2.1812575,61.02318,63.73058,66.34887,71.81756,93.22127,96.51913,99.91884,91.84904,96.07441,100.12802,99.85591,89.30839,82.59393,77.77688,72.22813,75.27387,82.60023,87.721825,90.09907,103.256096,96.25316,100.42179,105.75612,105.976265,101.89008,96.63269,96.83122,97.360596,93.99768,96.597496,88.971664,108.18701,111.82101,94.37344,81.7766,46.680332,both img and text,All tokens
5,2.2375648,62.41373,64.96162,67.3771,72.65258,94.4416,97.65547,101.25121,92.84597,97.087814,100.91232,100.94702,90.48778,83.39352,78.89071,73.095726,75.92704,83.17276,88.53306,90.77416,104.53908,97.75554,101.97334,107.344215,107.080475,102.517204,96.87495,98.14446,98.44683,95.12755,98.47575,91.51084,107.52654,109.82669,89.43266,75.44405,42.384987,both img and text,All tokens
6,2.2328322,61.38202,63.88103,66.65574,71.8383,93.27067,96.20438,100.03267,91.65019,96.365616,99.90078,100.538795,89.792145,82.88995,78.292755,72.70355,75.50323,82.79913,88.22277,90.552765,105.23131,99.83001,104.05547,108.637474,108.36487,103.41446,97.98683,98.4919,99.05444,95.17383,98.76255,91.61651,109.03064,112.078354,92.11251,78.29126,45.29251,both img and text,All tokens
7,2.1868,60.80495,63.838097,66.707596,71.85479,93.44139,96.58635,100.44253,92.29012,96.608315,100.3244,100.28586,89.87903,82.7163,78.061966,72.46201,75.25511,82.554474,87.84773,89.6002,104.1065,98.09119,102.45544,107.052704,106.2873,101.72751,96.05467,95.971855,96.43655,92.71971,96.32083,89.436714,105.97601,108.1606,86.96926,73.3644,42.155823,both img and text,All tokens
8,2.2584827,63.344624,66.43663,69.31305,74.50874,96.72281,99.87997,103.28815,95.23693,99.4493,104.15048,104.321915,93.303505,85.334274,80.48448,74.24927,77.21689,85.01861,89.998764,92.445946,106.20047,99.673805,104.00667,108.890205,108.69328,103.81693,98.2012,99.30188,98.75681,95.217636,98.34478,91.1453,108.992546,112.231255,91.865906,78.66825,44.40244,both img and text,All tokens
9,2.2126002,62.102932,64.93331,67.92922,73.23203,94.93085,98.15514,102.02957,93.89873,97.99767,101.87847,102.102234,90.927124,83.66269,78.9082,73.24482,75.85041,83.103386,88.32872,90.503006,104.98551,98.345345,102.296585,107.4841,106.80647,102.03463,96.41706,97.05592,97.72357,94.34416,97.97908,90.45787,107.80079,110.6306,90.4731,76.77935,44.497902,both img and text,All tokens
0,25.672802,27.429094,26.788084,26.942694,26.87577,27.62831,28.657537,29.780794,30.032326,30.631804,30.275301,29.199823,29.317738,29.116507,29.073118,29.28234,30.165941,30.888569,32.1404,32.60178,33.747166,32.16753,33.52903,35.089363,38.08337,39.566124,40.51022,40.304882,40.206642,41.774208,42.251842,43.481735,47.157997,49.188076,51.768673,52.747437,49.43272,both img and text,Img tokens
1,23.08415,24.957005,24.47972,24.618362,24.636173,25.53757,26.443752,27.762438,27.740425,27.947233,27.5556,27.1509,27.204557,26.864414,26.932968,27.195082,28.244015,28.782131,30.200165,30.667397,31.756584,30.575495,31.534403,33.174828,36.177032,37.74229,38.39471,38.330868,38.47791,40.027267,40.660873,41.88613,45.61498,47.04469,49.41989,50.02044,47.5785,both img and text,Img tokens
2,25.388302,27.115145,26.741297,26.826885,26.934912,28.378479,29.424953,30.81025,31.265049,31.419903,31.068262,30.34861,30.111444,29.57962,29.494875,29.309965,29.925571,30.721294,32.443268,33.163017,34.44297,33.176308,34.459557,36.551353,39.82748,41.019203,42.247173,42.01019,42.17649,43.814236,44.41514,45.508533,48.555458,50.327576,52.485714,53.345314,51.922985,both img and text,Img tokens
3,26.735733,28.57006,27.775038,27.956276,28.161287,29.833858,31.035578,32.755074,32.97418,33.916035,33.591343,32.85254,32.786064,32.387962,32.363564,32.56696,33.47816,33.89417,35.72529,35.89055,36.929916,35.57489,36.22541,38.134632,41.336678,42.907078,43.67904,43.81325,43.72004,45.318867,45.814545,47.249947,51.388233,52.90135,54.891304,56.1369,53.01956,both img and text,Img tokens
4,24.316147,26.36113,25.801134,25.827267,25.751453,26.813362,27.25797,28.055244,28.253693,28.443604,27.782656,27.163027,27.412949,27.347828,27.290304,27.708002,28.805447,29.531565,31.257864,31.633253,32.426044,30.713144,31.88758,33.766365,37.283398,38.77791,39.816536,40.56299,40.04847,41.51341,42.2922,43.917667,48.033348,49.714054,52.537563,53.07596,49.27435,both img and text,Img tokens
5,25.442823,27.269592,26.790422,27.000986,26.976536,27.84192,28.512579,29.654713,29.744242,30.178219,29.933128,29.669493,29.524601,29.188435,29.203478,29.305737,30.221025,30.821754,32.271725,32.82214,33.917084,32.330082,33.478153,35.390373,38.507744,39.908855,40.58187,40.799706,40.92586,42.27716,42.509453,43.490177,47.55253,49.352318,51.056374,51.114525,46.55467,both img and text,Img tokens
6,24.111961,25.595095,25.417894,25.578146,25.65426,26.42611,27.229385,28.689024,28.701574,29.919756,29.8656,29.143925,28.85993,28.596493,28.702143,28.812405,29.650383,30.315046,32.224453,32.767036,33.973557,32.68503,33.87586,36.015522,39.17108,40.82547,41.697685,41.40515,41.43898,42.92311,43.685432,44.934967,49.02311,50.87321,53.163067,54.266327,49.94837,both img and text,Img tokens
7,25.02562,26.634102,26.284208,26.41908,26.581285,27.717108,28.46715,29.79595,30.235441,30.217552,30.294052,29.772743,29.727615,29.21738,29.268394,29.214935,29.889633,30.46591,32.015507,32.729065,33.725246,32.73762,33.320004,34.89667,37.730034,38.811615,39.509384,39.40424,39.8015,41.243042,41.936707,43.53156,46.817726,48.439148,50.633152,51.73388,50.529694,both img and text,Img tokens
8,24.072763,26.069294,25.340773,25.44323,25.550226,26.815107,28.324694,29.92502,30.187826,29.891792,29.760891,29.843868,29.67457,29.42402,29.536055,29.768959,30.729975,31.277699,33.059757,33.26196,34.290905,32.75938,33.686203,35.443764,38.526012,40.175728,41.15363,41.219368,40.94754,42.50205,42.913734,45.05656,48.931717,50.267265,51.849873,52.665524,52.240063,both img and text,Img tokens
9,25.730156,27.385626,26.809929,26.81663,26.80869,27.998224,28.939674,30.237297,30.375717,30.529985,30.12906,29.779535,29.992712,29.897224,29.856806,29.971128,30.841637,31.430956,33.025063,33.703823,34.83848,33.61164,34.517467,36.169563,39.268787,40.6463,41.706116,42.02244,42.028122,43.64224,44.097786,45.308693,49.15583,51.42819,53.70083,54.08309,50.405426,both img and text,Img tokens
0,24.977232,60.005154,64.411896,67.41827,67.979,88.37797,89.489265,90.069855,81.10757,85.56322,92.91501,95.99963,85.52051,77.88758,73.608315,66.58654,69.61088,78.66566,83.33954,85.32931,99.69662,97.56159,99.88153,101.09828,99.7701,94.655304,91.236176,93.07465,91.01926,86.90495,86.71178,78.586365,97.0549,101.3905,85.833824,82.7957,40.198524,both img and text,Text tokens
1,24.82875,59.108757,63.356075,65.96502,66.39249,86.225334,87.171326,88.38383,79.4606,83.11741,90.23227,93.24448,83.76132,76.20535,71.65466,64.90211,67.74875,76.46849,80.66979,82.79617,96.981674,94.5538,96.80933,98.06836,96.63831,91.44524,88.93532,91.13617,89.61272,84.6584,85.86084,79.25017,95.43605,97.50495,78.857155,72.769005,33.70383,both img and text,Text tokens
2,24.718506,59.677948,64.25466,67.20223,67.71868,87.687065,88.578995,89.40528,80.48955,84.78667,92.21046,94.89025,84.93189,77.271515,72.88854,65.851974,68.77247,77.62741,81.887665,84.18922,98.130005,95.89866,98.4283,99.974594,98.67547,93.80099,91.01792,92.97205,90.67721,85.77171,86.524506,79.16251,96.18277,99.24432,81.754234,76.685646,36.250072,both img and text,Text tokens
3,24.80198,59.18307,63.48454,66.28016,66.512825,86.637344,87.90556,88.711945,79.69856,83.443085,90.73824,93.98786,83.81451,76.40398,71.85369,65.55816,68.513596,77.49981,81.92523,84.119514,99.65813,98.552505,101.258934,102.26722,101.0951,95.61784,91.75422,93.624695,92.49767,87.440796,88.64077,81.28028,96.71244,98.66917,78.666374,72.79125,34.154587,both img and text,Text tokens
4,25.1009,59.685802,64.074814,66.84356,67.243835,87.23079,88.30113,89.10367,80.08726,83.93465,91.10093,94.19793,84.16822,76.764595,72.13282,65.30039,68.3985,77.11625,81.554985,83.882706,97.26593,94.54415,96.57599,98.41806,97.48807,92.735535,90.21915,91.43647,89.78937,85.22931,85.37419,77.97194,95.96878,99.89163,84.52119,81.286064,38.419815,both img and text,Text tokens
5,24.902357,59.246826,63.653137,66.4008,66.77108,86.903435,87.94413,89.09342,80.16944,84.11117,91.260376,94.488495,84.45029,76.97125,72.41991,65.64743,68.62424,77.50621,81.945244,84.23949,98.05363,95.65145,98.22729,99.73733,98.438614,93.30336,90.459854,92.82897,91.32445,86.83877,87.726585,80.64679,95.84338,98.14872,79.40413,73.382835,34.72643,both img and text,Text tokens
6,24.605383,58.537014,62.88399,65.61023,65.95398,85.81405,86.58448,88.05944,79.106255,83.25295,89.84064,93.2559,83.11424,76.04708,71.41034,65.10504,68.16034,76.86712,81.50687,83.76388,98.37709,97.156075,99.470406,100.68374,99.48131,94.26938,91.66173,93.13917,91.9031,86.740685,87.87814,80.80026,97.25508,100.42036,82.36487,76.991806,36.901047,both img and text,Text tokens
7,24.597307,59.12302,63.55693,66.34175,66.6951,86.80565,87.890465,88.92738,79.95066,84.08811,91.009796,94.19825,84.24178,76.684616,72.05482,65.45882,68.33519,77.042786,81.5944,83.52903,98.19029,96.55614,99.039764,100.279625,98.605064,93.29821,90.09838,91.52974,90.22758,85.17239,86.361206,79.31886,94.799034,97.19792,78.19366,72.72249,33.670204,both img and text,Text tokens
8,24.808855,59.744946,64.189186,67.013374,67.52116,87.89424,88.8752,89.87916,81.08278,85.157,92.665565,95.83127,85.582924,77.50276,73.04027,66.14565,69.27634,78.42685,82.912796,85.15636,98.98872,96.493904,99.11423,100.49883,99.43252,94.10567,91.46644,93.386116,91.29418,86.54465,87.1247,79.83659,96.34609,99.68445,81.31796,76.764336,35.557438,both img and text,Text tokens
9,24.963364,59.806705,64.3224,67.370514,67.685814,87.76086,88.794,89.91259,81.060326,84.94012,91.94109,95.30067,84.98392,77.19532,72.61019,65.81069,68.5214,77.18748,81.67236,83.84476,98.105965,96.01854,98.25465,99.721825,98.232864,92.81486,90.02679,92.03202,90.737236,86.0047,87.09563,79.694496,95.85651,98.69373,80.65556,75.65534,35.97072,both img and text,Text tokens
0,24.977232,60.009876,64.42576,67.304016,68.26533,89.03635,89.783844,89.98795,80.56957,85.24248,92.28439,95.30602,84.86724,77.329124,72.93095,65.3732,68.38011,76.37291,80.649376,81.97756,95.18428,91.577156,94.98165,95.77879,93.11532,87.23303,84.94364,86.01422,86.87351,83.43529,84.26642,77.68603,94.18733,98.514175,82.46795,82.12768,40.15159,only text,Text only tokens
1,24.82875,59.129562,63.38424,65.89602,66.69052,86.77726,87.42133,88.37493,79.00228,82.87738,89.620155,92.5489,83.02635,75.62289,71.011795,63.853165,66.68546,74.44617,78.229614,79.55743,92.602745,88.945496,92.25735,93.09227,90.74594,85.06102,82.99008,83.95974,84.737236,80.72897,82.43906,76.95796,90.93102,93.141685,74.45753,71.9325,34.351532,only text,Text only tokens
2,24.718506,59.70114,64.29061,67.114006,68.051254,88.458405,89.04934,89.56171,80.19609,84.69333,91.74228,94.396706,84.380516,76.78568,72.2744,64.7709,67.67275,75.462875,79.315125,80.924225,93.652916,89.942345,93.40237,94.65534,92.001785,86.076416,84.124245,84.99473,85.55698,81.64799,82.88809,76.83322,92.65726,96.58635,79.044075,77.84448,37.390926,only text,Text only tokens
3,24.80198,59.21378,63.531387,66.19712,66.81685,87.33271,88.22938,88.744225,79.22398,83.26363,90.26802,93.42723,83.24001,75.97174,71.30469,64.533676,67.527565,75.441475,79.38221,80.91627,95.29971,92.667725,96.62145,97.01441,94.69435,88.380745,85.62546,86.22434,87.09663,83.39834,85.19372,79.13176,91.83988,93.80715,73.90314,71.28034,34.838234,only text,Text only tokens
4,25.1009,59.659878,64.05829,66.715294,67.47362,87.807785,88.579544,89.07758,79.62734,83.69625,90.54547,93.64608,83.73632,76.42999,71.60586,64.214714,67.32003,74.91558,78.95442,80.59278,92.56761,88.653755,91.94539,93.35971,91.20477,85.733765,83.96971,84.61724,84.84851,80.89089,81.66061,75.424706,91.879166,96.61527,81.06361,81.00692,39.0624,only text,Text only tokens
5,24.902357,59.221752,63.63041,66.25751,66.986824,87.421875,88.14098,88.95945,79.56835,83.727066,90.56396,93.74334,83.68316,76.342766,71.67609,64.4772,67.44978,75.34792,79.34542,80.961586,93.69075,90.20068,93.71259,94.83511,92.386986,86.434,84.217804,85.39353,85.81074,82.22812,83.61686,77.99607,91.55126,94.621544,76.389885,74.477234,35.652195,only text,Text only tokens
6,24.605383,58.534275,62.886868,65.495636,66.23934,86.461205,86.931366,88.08985,78.63019,82.95076,89.29293,92.72823,82.559555,75.60544,70.85002,64.12742,67.203804,74.98231,79.1538,80.81059,94.14216,91.5081,94.87288,95.77669,93.2134,87.02373,84.89149,85.85252,86.85268,82.62697,84.235756,78.21521,93.09001,96.426384,78.10627,76.21717,37.141487,only text,Text only tokens
7,24.597307,59.16287,63.61108,66.25748,66.98021,87.40399,88.17053,88.91898,79.4331,83.78274,90.46003,93.600945,83.6317,76.19903,71.45322,64.41626,67.28554,75.02934,79.18411,80.60035,94.38883,91.405304,94.86225,95.77445,92.92495,86.88433,84.3812,84.68481,85.81892,81.922104,83.76228,77.88681,92.21894,95.33485,76.796745,74.603806,35.062626,only text,Text only tokens
8,24.808855,59.758595,64.2107,66.91286,67.8065,88.57465,89.286804,90.00829,80.77179,85.02923,92.17397,95.29617,85.009895,77.06607,72.50193,65.17704,68.28714,76.38803,80.56462,82.00305,94.872025,90.975395,94.45161,95.39815,92.96692,87.042816,84.95591,85.68378,86.235565,82.55456,83.7521,78.01656,93.13384,96.99813,79.10697,77.66206,36.593243,only text,Text only tokens
9,24.963364,59.81199,64.34357,67.26975,67.890755,88.299194,89.0037,89.80735,80.52279,84.64262,91.34801,94.72682,84.48721,76.78407,72.10025,64.7,67.39828,74.98813,79.011475,80.38879,93.44535,90.18047,93.65702,94.40234,91.83617,85.79237,83.62819,84.31026,85.32406,81.62016,83.188385,77.26808,91.83099,94.81744,76.59479,75.1029,36.508064,only text,Text only tokens
