,accuracy,auroc,auprc,f1,precision,recall,embedding_level
0,0.9509803921568627,0.9873125720876585,0.9891745296713069,0.9514563106796117,0.9423076923076923,0.9607843137254902,sentence_all
1,0.9509803921568627,0.9869281045751634,0.9889674903338328,0.9514563106796117,0.9423076923076923,0.9607843137254902,sentence_all
2,0.9509803921568627,0.9865436370626681,0.9882503190595203,0.9514563106796117,0.9423076923076923,0.9607843137254902,sentence_all
3,0.9509803921568627,0.9865436370626681,0.9880805802347491,0.9514563106796117,0.9423076923076923,0.9607843137254902,sentence_all
4,0.9509803921568627,0.9869281045751634,0.9878970166210554,0.9514563106796117,0.9423076923076923,0.9607843137254902,sentence_all
5,0.9509803921568627,0.9876970396001538,0.9883562588713425,0.9514563106796117,0.9423076923076923,0.9607843137254902,sentence_all
6,0.9509803921568627,0.9907727797001153,0.9907894828731939,0.9514563106796117,0.9423076923076923,0.9607843137254902,sentence_all
7,0.9509803921568627,0.991926182237601,0.9917067504284244,0.9514563106796117,0.9423076923076923,0.9607843137254902,sentence_all
8,0.9509803921568627,0.9930795847750865,0.9929776669221522,0.9514563106796117,0.9423076923076923,0.9607843137254902,sentence_all
9,0.9607843137254902,0.9961553248750481,0.9961122682981337,0.9607843137254902,0.9607843137254902,0.9607843137254902,sentence_all
10,0.9705882352941176,0.9976931949250288,0.9976748002197552,0.970873786407767,0.9615384615384616,0.9803921568627451,sentence_all
11,0.9607843137254902,0.9957708573625529,0.9960870714333481,0.9607843137254902,0.9607843137254902,0.9607843137254902,sentence_all
12,0.9705882352941176,0.9976931949250288,0.9977136166513052,0.970873786407767,0.9615384615384616,0.9803921568627451,sentence_all
13,0.9705882352941176,0.9965397923875432,0.9966640185485962,0.970873786407767,0.9615384615384616,0.9803921568627451,sentence_all
14,0.9607843137254902,0.9973087274125337,0.9973971906052976,0.9615384615384616,0.9433962264150944,0.9803921568627451,sentence_all
15,0.9901960784313726,0.9992310649750096,0.9992384585810195,0.9902912621359223,0.9807692307692307,1.0,sentence_all
16,0.9705882352941176,0.9988465974625145,0.9988756138785521,0.9714285714285714,0.9444444444444444,1.0,sentence_all
17,0.9705882352941176,0.9992310649750097,0.9992600813910473,0.9714285714285714,0.9444444444444444,1.0,sentence_all
18,0.9705882352941176,0.9988465974625145,0.9988756138785521,0.9714285714285714,0.9444444444444444,1.0,sentence_all
19,0.9803921568627451,1.0,1.0000000000000002,0.9807692307692307,0.9622641509433962,1.0,sentence_all
20,1.0,1.0,1.0000000000000002,1.0,1.0,1.0,sentence_all
21,1.0,1.0,1.0000000000000002,1.0,1.0,1.0,sentence_all
22,1.0,1.0,1.0000000000000002,1.0,1.0,1.0,sentence_all
23,1.0,1.0,1.0000000000000002,1.0,1.0,1.0,sentence_all
24,1.0,1.0,1.0000000000000002,1.0,1.0,1.0,sentence_all
25,1.0,1.0,1.0000000000000002,1.0,1.0,1.0,sentence_all
26,1.0,1.0,1.0000000000000002,1.0,1.0,1.0,sentence_all
27,1.0,1.0,1.0000000000000002,1.0,1.0,1.0,sentence_all
28,1.0,1.0,1.0000000000000002,1.0,1.0,1.0,sentence_all
29,1.0,1.0,1.0000000000000002,1.0,1.0,1.0,sentence_all
30,0.9901960784313726,1.0,1.0000000000000002,0.9902912621359223,0.9807692307692307,1.0,sentence_all
31,0.9901960784313726,1.0,1.0000000000000002,0.9902912621359223,0.9807692307692307,1.0,sentence_all
32,0.9901960784313726,0.9996155324875048,0.9996229260935146,0.9902912621359223,0.9807692307692307,1.0,sentence_all
0,0.9509803921568627,0.9873125720876585,0.9894131231324068,0.9514563106796117,0.9423076923076923,0.9607843137254902,sentence_img
1,0.9509803921568627,0.9869281045751634,0.9889674903338328,0.9514563106796117,0.9423076923076923,0.9607843137254902,sentence_img
2,0.9509803921568627,0.9873125720876585,0.9891954125440686,0.9514563106796117,0.9423076923076923,0.9607843137254902,sentence_img
3,0.9509803921568627,0.9873125720876585,0.9889355984735129,0.9514563106796117,0.9423076923076923,0.9607843137254902,sentence_img
4,0.9509803921568627,0.9876970396001538,0.9888899779081344,0.9514563106796117,0.9423076923076923,0.9607843137254902,sentence_img
5,0.9509803921568627,0.9884659746251442,0.9893492201584213,0.9514563106796117,0.9423076923076923,0.9607843137254902,sentence_img
6,0.9509803921568627,0.9919261822376009,0.9918267735647673,0.9514563106796117,0.9423076923076923,0.9607843137254902,sentence_img
7,0.9607843137254902,0.9923106497500962,0.9921969465068557,0.9607843137254902,0.9607843137254902,0.9607843137254902,sentence_img
8,0.9509803921568627,0.9942329873125721,0.9942137998902313,0.9514563106796117,0.9423076923076923,0.9607843137254902,sentence_img
9,0.9705882352941176,0.9961553248750481,0.9961122682981337,0.970873786407767,0.9615384615384616,0.9803921568627451,sentence_img
10,0.9705882352941176,0.9976931949250288,0.9976748002197552,0.970873786407767,0.9615384615384616,0.9803921568627451,sentence_img
11,0.9607843137254902,0.996155324875048,0.9963895517721261,0.9607843137254902,0.9607843137254902,0.9607843137254902,sentence_img
12,0.9705882352941176,0.996155324875048,0.9963895517721261,0.970873786407767,0.9615384615384616,0.9803921568627451,sentence_img
13,0.9607843137254902,0.9946174548250672,0.9949691597814936,0.9615384615384616,0.9433962264150944,0.9803921568627451,sentence_img
14,0.9607843137254902,0.9950019223375625,0.99538634793335,0.9615384615384616,0.9433962264150944,0.9803921568627451,sentence_img
15,0.9901960784313726,0.9992310649750096,0.9992384585810195,0.9902912621359223,0.9807692307692307,1.0,sentence_img
16,0.9705882352941176,0.9984621299500193,0.9985059335780759,0.9714285714285714,0.9444444444444444,1.0,sentence_img
17,0.9705882352941176,0.9992310649750096,0.9992384585810195,0.9714285714285714,0.9444444444444444,1.0,sentence_img
18,0.9705882352941176,0.9992310649750096,0.9992384585810195,0.9714285714285714,0.9444444444444444,1.0,sentence_img
19,0.9803921568627451,0.9996155324875048,0.9996229260935146,0.9807692307692307,0.9622641509433962,1.0,sentence_img
20,1.0,1.0,1.0000000000000002,1.0,1.0,1.0,sentence_img
21,1.0,1.0,1.0000000000000002,1.0,1.0,1.0,sentence_img
22,1.0,1.0,1.0000000000000002,1.0,1.0,1.0,sentence_img
23,1.0,1.0,1.0000000000000002,1.0,1.0,1.0,sentence_img
24,1.0,1.0,1.0000000000000002,1.0,1.0,1.0,sentence_img
25,1.0,1.0,1.0000000000000002,1.0,1.0,1.0,sentence_img
26,1.0,1.0,1.0000000000000002,1.0,1.0,1.0,sentence_img
27,1.0,1.0,1.0000000000000002,1.0,1.0,1.0,sentence_img
28,1.0,1.0,1.0000000000000002,1.0,1.0,1.0,sentence_img
29,1.0,1.0,1.0000000000000002,1.0,1.0,1.0,sentence_img
30,0.9901960784313726,1.0,1.0000000000000002,0.9902912621359223,0.9807692307692307,1.0,sentence_img
31,0.9901960784313726,1.0,1.0000000000000002,0.9902912621359223,0.9807692307692307,1.0,sentence_img
32,0.9901960784313726,0.9996155324875048,0.9996229260935146,0.9902912621359223,0.9807692307692307,1.0,sentence_img
0,0.5,0.5,0.5,0.0,0.0,0.0,sentence_text
1,0.5784313725490197,0.558246828143022,0.5840567892970508,0.5825242718446602,0.5769230769230769,0.5882352941176471,sentence_text
2,0.6372549019607843,0.637831603229527,0.6349327859069619,0.6021505376344086,0.6666666666666666,0.5490196078431373,sentence_text
3,0.6372549019607843,0.6670511341791618,0.6699663612765574,0.6185567010309279,0.6521739130434783,0.5882352941176471,sentence_text
4,0.6176470588235294,0.6924259900038446,0.6871883027993502,0.5894736842105263,0.6363636363636364,0.5490196078431373,sentence_text
5,0.6764705882352942,0.7647058823529411,0.7477398423200785,0.6526315789473685,0.7045454545454546,0.6078431372549019,sentence_text
6,0.7156862745098039,0.7931564782775856,0.7782763395696787,0.7070707070707071,0.7291666666666666,0.6862745098039216,sentence_text
7,0.7352941176470589,0.8719723183391004,0.8748353795481836,0.7378640776699029,0.7307692307692307,0.7450980392156863,sentence_text
8,0.8137254901960784,0.9246443675509419,0.9281394938658187,0.819047619047619,0.7962962962962963,0.8431372549019608,sentence_text
9,0.9215686274509803,0.9769319492502884,0.9811853218546439,0.9245283018867925,0.8909090909090909,0.9607843137254902,sentence_text
10,0.9313725490196079,0.9807766243752403,0.9838549623864696,0.9320388349514563,0.9230769230769231,0.9411764705882353,sentence_text
11,0.9509803921568627,0.9850057670126874,0.9881253223267803,0.9523809523809523,0.9259259259259259,0.9803921568627451,sentence_text
12,0.9411764705882353,0.9930795847750864,0.994397367338544,0.9433962264150944,0.9090909090909091,0.9803921568627451,sentence_text
13,0.9411764705882353,0.9961553248750481,0.9967855994856961,0.9433962264150944,0.9090909090909091,0.9803921568627451,sentence_text
14,0.9705882352941176,0.9969242599000384,0.9973413094051182,0.970873786407767,0.9615384615384616,0.9803921568627451,sentence_text
15,0.9705882352941176,0.9973087274125336,0.9976335361730901,0.970873786407767,0.9615384615384616,0.9803921568627451,sentence_text
16,0.9607843137254902,0.998077662437524,0.9982492997198882,0.9615384615384616,0.9433962264150944,0.9803921568627451,sentence_text
17,0.9705882352941176,0.9984621299500193,0.9985739750445635,0.970873786407767,0.9615384615384616,0.9803921568627451,sentence_text
18,0.9705882352941176,0.998077662437524,0.9982492997198882,0.970873786407767,0.9615384615384616,0.9803921568627451,sentence_text
19,0.9705882352941176,0.9988465974625144,0.9989106753812639,0.970873786407767,0.9615384615384616,0.9803921568627451,sentence_text
20,0.9803921568627451,0.9996155324875048,0.9996229260935146,0.9803921568627451,0.9803921568627451,0.9803921568627451,sentence_text
21,0.9803921568627451,0.9996155324875048,0.9996229260935146,0.9803921568627451,0.9803921568627451,0.9803921568627451,sentence_text
22,0.9803921568627451,0.9996155324875048,0.9996229260935146,0.9803921568627451,0.9803921568627451,0.9803921568627451,sentence_text
23,1.0,1.0,1.0000000000000002,1.0,1.0,1.0,sentence_text
24,1.0,1.0,1.0000000000000002,1.0,1.0,1.0,sentence_text
25,1.0,1.0,1.0000000000000002,1.0,1.0,1.0,sentence_text
26,1.0,1.0,1.0000000000000002,1.0,1.0,1.0,sentence_text
27,1.0,1.0,1.0000000000000002,1.0,1.0,1.0,sentence_text
28,1.0,1.0,1.0000000000000002,1.0,1.0,1.0,sentence_text
29,1.0,1.0,1.0000000000000002,1.0,1.0,1.0,sentence_text
30,1.0,1.0,1.0000000000000002,1.0,1.0,1.0,sentence_text
31,1.0,1.0,1.0000000000000002,1.0,1.0,1.0,sentence_text
32,1.0,1.0,1.0000000000000002,1.0,1.0,1.0,sentence_text
0,0.46078431372549017,0.40215301806997306,0.4391006144439927,0.45544554455445546,0.46,0.45098039215686275,token_all
1,0.46078431372549017,0.4017685505574779,0.43893556525933564,0.45544554455445546,0.46,0.45098039215686275,token_all
2,0.47058823529411764,0.4009996155324875,0.4288707038302057,0.47058823529411764,0.47058823529411764,0.47058823529411764,token_all
3,0.46078431372549017,0.4017685505574779,0.429180302670445,0.45544554455445546,0.46,0.45098039215686275,token_all
4,0.46078431372549017,0.40023068050749716,0.42803897316184597,0.45544554455445546,0.46,0.45098039215686275,token_all
5,0.45098039215686275,0.4002306805074971,0.42794333125974054,0.44,0.4489795918367347,0.43137254901960786,token_all
6,0.4411764705882353,0.4002306805074971,0.42805645430730427,0.43564356435643564,0.44,0.43137254901960786,token_all
7,0.47058823529411764,0.40253748558246827,0.42869811496986415,0.47058823529411764,0.47058823529411764,0.47058823529411764,token_all
8,0.47058823529411764,0.40099961553248753,0.4278794715710795,0.47058823529411764,0.47058823529411764,0.47058823529411764,token_all
9,0.45098039215686275,0.40215301806997306,0.43850538334860584,0.45098039215686275,0.45098039215686275,0.45098039215686275,token_all
10,0.45098039215686275,0.4075355632449058,0.4284352040222476,0.46153846153846156,0.4528301886792453,0.47058823529411764,token_all
11,0.46078431372549017,0.40484429065743943,0.42724755314723195,0.46601941747572817,0.46153846153846156,0.47058823529411764,token_all
12,0.46078431372549017,0.4067666282199154,0.42757188020911874,0.46601941747572817,0.46153846153846156,0.47058823529411764,token_all
13,0.47058823529411764,0.40599769319492496,0.4272441480860906,0.4807692307692308,0.4716981132075472,0.49019607843137253,token_all
14,0.47058823529411764,0.4117647058823529,0.43015995499724113,0.4807692307692308,0.4716981132075472,0.49019607843137253,token_all
15,0.47058823529411764,0.407920030757401,0.4403280936782083,0.4807692307692308,0.4716981132075472,0.49019607843137253,token_all
16,0.47058823529411764,0.4113802383698577,0.4416687838919398,0.4807692307692308,0.4716981132075472,0.49019607843137253,token_all
17,0.47058823529411764,0.407920030757401,0.44034820102726907,0.4807692307692308,0.4716981132075472,0.49019607843137253,token_all
18,0.46078431372549017,0.41445597846981935,0.443341152002758,0.46601941747572817,0.46153846153846156,0.47058823529411764,token_all
19,0.46078431372549017,0.4209919261822376,0.4464292139754301,0.46601941747572817,0.46153846153846156,0.47058823529411764,token_all
20,0.4803921568627451,0.4152249134948097,0.4447584462698791,0.49523809523809526,0.48148148148148145,0.5098039215686274,token_all
21,0.45098039215686275,0.4163783160322953,0.44669927164253026,0.46153846153846156,0.4528301886792453,0.47058823529411764,token_all
22,0.4411764705882353,0.41368704344482893,0.4469640427099475,0.45714285714285713,0.4444444444444444,0.47058823529411764,token_all
23,0.47058823529411764,0.437524029219531,0.4578251703893346,0.49056603773584906,0.4727272727272727,0.5098039215686274,token_all
24,0.43137254901960786,0.43752402921953093,0.4745018790973922,0.46296296296296297,0.43859649122807015,0.49019607843137253,token_all
25,0.4215686274509804,0.41330257593233366,0.4514318632860542,0.4380952380952381,0.42592592592592593,0.45098039215686275,token_all
26,0.45098039215686275,0.4252210688196847,0.4556422821530542,0.4909090909090909,0.4576271186440678,0.5294117647058824,token_all
27,0.4803921568627451,0.4413687043444829,0.4506437701116096,0.5225225225225225,0.48333333333333334,0.5686274509803921,token_all
28,0.49019607843137253,0.46366782006920415,0.4670513091549634,0.543859649122807,0.49206349206349204,0.6078431372549019,token_all
29,0.5196078431372549,0.5021145713187236,0.4870408353476696,0.5739130434782609,0.515625,0.6470588235294118,token_all
30,0.5294117647058824,0.49480968858131485,0.48613412486343355,0.5862068965517241,0.5230769230769231,0.6666666666666666,token_all
31,0.5686274509803921,0.5540176855055747,0.5328089514338376,0.6140350877192983,0.5555555555555556,0.6862745098039216,token_all
32,0.5588235294117647,0.5544021530180699,0.5859270313906987,0.5714285714285714,0.5555555555555556,0.5882352941176471,token_all
0,0.46078431372549017,0.40215301806997306,0.4391006144439927,0.45544554455445546,0.46,0.45098039215686275,token_img
1,0.46078431372549017,0.4017685505574779,0.43893556525933564,0.45544554455445546,0.46,0.45098039215686275,token_img
2,0.47058823529411764,0.4013840830449827,0.4290781942337745,0.47058823529411764,0.47058823529411764,0.47058823529411764,token_img
3,0.46078431372549017,0.4017685505574779,0.429180302670445,0.45544554455445546,0.46,0.45098039215686275,token_img
4,0.46078431372549017,0.40023068050749716,0.42803897316184597,0.45544554455445546,0.46,0.45098039215686275,token_img
5,0.45098039215686275,0.3998462129950019,0.4277225222154021,0.44,0.4489795918367347,0.43137254901960786,token_img
6,0.4411764705882353,0.4002306805074971,0.42805645430730427,0.43564356435643564,0.44,0.43137254901960786,token_img
7,0.47058823529411764,0.40253748558246827,0.42869811496986415,0.47058823529411764,0.47058823529411764,0.47058823529411764,token_img
8,0.47058823529411764,0.40138408304498274,0.4280763790867284,0.47058823529411764,0.47058823529411764,0.47058823529411764,token_img
9,0.45098039215686275,0.40215301806997306,0.43850538334860584,0.45098039215686275,0.45098039215686275,0.45098039215686275,token_img
10,0.45098039215686275,0.4071510957324106,0.42820801867395497,0.46153846153846156,0.4528301886792453,0.47058823529411764,token_img
11,0.47058823529411764,0.4033064206074587,0.4263945083259836,0.4807692307692308,0.4716981132075472,0.49019607843137253,token_img
12,0.46078431372549017,0.4056132256824298,0.42677936547762985,0.46601941747572817,0.46153846153846156,0.47058823529411764,token_img
13,0.47058823529411764,0.40407535563244906,0.4264878853563257,0.4807692307692308,0.4716981132075472,0.49019607843137253,token_img
14,0.47058823529411764,0.40984236831987697,0.429139719659384,0.4807692307692308,0.4716981132075472,0.49019607843137253,token_img
15,0.47058823529411764,0.4033064206074587,0.43841264193912727,0.4807692307692308,0.4716981132075472,0.49019607843137253,token_img
16,0.47058823529411764,0.4044598231449442,0.43873803169253917,0.4807692307692308,0.4716981132075472,0.49019607843137253,token_img
17,0.47058823529411764,0.40330642060745864,0.4383884898513167,0.4807692307692308,0.4716981132075472,0.49019607843137253,token_img
18,0.46078431372549017,0.4017685505574779,0.43806315212342195,0.46601941747572817,0.46153846153846156,0.47058823529411764,token_img
19,0.45098039215686275,0.407920030757401,0.44072858329329184,0.45098039215686275,0.45098039215686275,0.45098039215686275,token_img
20,0.47058823529411764,0.4094579008073818,0.4324823148141694,0.49056603773584906,0.4727272727272727,0.5098039215686274,token_img
21,0.45098039215686275,0.4083044982698962,0.44330078704073794,0.46153846153846156,0.4528301886792453,0.47058823529411764,token_img
22,0.4411764705882353,0.4102268358323721,0.44491371355091464,0.45714285714285713,0.4444444444444444,0.47058823529411764,token_img
23,0.46078431372549017,0.42868127643214143,0.45206771889192876,0.48598130841121495,0.4642857142857143,0.5098039215686274,token_img
24,0.4117647058823529,0.41983852364475205,0.45386595011506464,0.4444444444444444,0.42105263157894735,0.47058823529411764,token_img
25,0.4019607843137255,0.39869281045751637,0.44367812535909706,0.41904761904761906,0.4074074074074074,0.43137254901960786,token_img
26,0.4411764705882353,0.4140715109573241,0.44770149605398474,0.4864864864864865,0.45,0.5294117647058824,token_img
27,0.43137254901960786,0.417916186082276,0.43696935612566157,0.48214285714285715,0.4426229508196721,0.5294117647058824,token_img
28,0.47058823529411764,0.435601691657055,0.4489060649398626,0.5263157894736842,0.47619047619047616,0.5882352941176471,token_img
29,0.5,0.48481353325643983,0.4742467243528493,0.5641025641025641,0.5,0.6470588235294118,token_img
30,0.5196078431372549,0.47943098808150714,0.47658852560070813,0.5811965811965812,0.5151515151515151,0.6666666666666666,token_img
31,0.5588235294117647,0.5286428296808919,0.5112995627663595,0.6017699115044248,0.5483870967741935,0.6666666666666666,token_img
32,0.5294117647058824,0.5140330642060746,0.5379066126467891,0.5384615384615384,0.5283018867924528,0.5490196078431373,token_img
0,0.5,0.5,0.5,0.0,0.0,0.0,token_text
1,0.5,0.5,0.5,0.0,0.0,0.0,token_text
2,0.5,0.5,0.5,0.0,0.0,0.0,token_text
3,0.5,0.5,0.5,0.0,0.0,0.0,token_text
4,0.5,0.5,0.5,0.0,0.0,0.0,token_text
5,0.5,0.5,0.5,0.0,0.0,0.0,token_text
6,0.5,0.5,0.5,0.0,0.0,0.0,token_text
7,0.5,0.5,0.5,0.0,0.0,0.0,token_text
8,0.5,0.5,0.5,0.0,0.0,0.0,token_text
9,0.5,0.5,0.5,0.0,0.0,0.0,token_text
10,0.5882352941176471,0.8727412533640907,0.8475714949538269,0.34375,0.8461538461538461,0.21568627450980393,token_text
11,0.7549019607843137,0.86159169550173,0.8207417598815661,0.7474747474747475,0.7708333333333334,0.7254901960784313,token_text
12,0.7843137254901961,0.8173779315647828,0.7727496381382304,0.7755102040816326,0.8085106382978723,0.7450980392156863,token_text
13,0.7745098039215687,0.8373702422145328,0.8733520901521727,0.7628865979381443,0.8043478260869565,0.7254901960784313,token_text
14,0.803921568627451,0.8631295655517108,0.8952324395239799,0.8,0.8163265306122449,0.7843137254901961,token_text
15,0.8725490196078431,0.9342560553633218,0.9395699868926535,0.8602150537634409,0.9523809523809523,0.7843137254901961,token_text
16,0.8529411764705882,0.9580930411380237,0.9516797342435769,0.8598130841121495,0.8214285714285714,0.9019607843137255,token_text
17,0.8823529411764706,0.9457900807381776,0.9326948701152182,0.88,0.8979591836734694,0.8627450980392157,token_text
18,0.8431372549019608,0.9469434832756632,0.9454359230264706,0.8545454545454545,0.7966101694915254,0.9215686274509803,token_text
19,0.8529411764705882,0.9534794309880814,0.953899880321323,0.8648648648648649,0.8,0.9411764705882353,token_text
20,0.8431372549019608,0.9342560553633219,0.9375585420250729,0.8490566037735849,0.8181818181818182,0.8823529411764706,token_text
21,0.8431372549019608,0.9477124183006536,0.9430710506977965,0.8490566037735849,0.8181818181818182,0.8823529411764706,token_text
22,0.8725490196078431,0.9411764705882353,0.9343805860937933,0.8807339449541285,0.8275862068965517,0.9411764705882353,token_text
23,0.7254901960784313,0.8527489427143407,0.856549955554111,0.72,0.7346938775510204,0.7058823529411765,token_text
24,0.8235294117647058,0.9000384467512496,0.913017193306212,0.8125,0.8666666666666667,0.7647058823529411,token_text
25,0.7352941176470589,0.8508266051518646,0.8735504148820137,0.7216494845360825,0.7608695652173914,0.6862745098039216,token_text
26,0.8235294117647058,0.8735101883890811,0.8875616899188108,0.8163265306122449,0.851063829787234,0.7843137254901961,token_text
27,0.8137254901960784,0.8877354863514033,0.905074173762173,0.8080808080808081,0.8333333333333334,0.7843137254901961,token_text
28,0.803921568627451,0.8927335640138409,0.9069965173536296,0.8,0.8163265306122449,0.7843137254901961,token_text
29,0.6666666666666666,0.7516339869281046,0.7577094590538471,0.6666666666666666,0.6666666666666666,0.6666666666666666,token_text
30,0.6372549019607843,0.726643598615917,0.7413909656149751,0.6407766990291263,0.6346153846153846,0.6470588235294118,token_text
31,0.8235294117647058,0.8788927335640139,0.8657175087881781,0.82,0.8367346938775511,0.803921568627451,token_text
32,0.803921568627451,0.8685121107266436,0.8325347024155462,0.8113207547169812,0.7818181818181819,0.8431372549019608,token_text
